num,exp,pop,sex,time,gen,round,comm,lat,lon
9,1,Alice Springs,Female,38.55,G2,1,,-23.69,133.89
15,1,Alice Springs,Female,41.93,G2,1,,-23.69,133.89
25,1,Alice Springs,Female,63.98,G2,1,,-23.69,133.89
28,1,Alice Springs,Female,49.77,G2,1,,-23.69,133.89
37,1,Alice Springs,Female,45.87,G2,1,,-23.69,133.89
49,1,Alice Springs,Female,42.15,G2,1,,-23.69,133.89
53,1,Alice Springs,Female,50.55,G2,1,,-23.69,133.89
55,1,Alice Springs,Female,54.85,G2,1,,-23.69,133.89
76,1,Alice Springs,Female,41.53,G2,1,,-23.69,133.89
83,1,Alice Springs,Female,52.70,G2,1,,-23.69,133.89
85,1,Alice Springs,Female,65.23,G2,1,,-23.69,133.89
91,1,Alice Springs,Female,51.35,G2,1,,-23.69,133.89
109,1,Alice Springs,Female,60.17,G2,1,,-23.69,133.89
110,1,Alice Springs,Female,64.37,G2,1,,-23.69,133.89
112,1,Alice Springs,Female,63.90,G2,1,,-23.69,133.89
113,1,Alice Springs,Female,18.85,G2,1,,-23.69,133.89
129,1,Alice Springs,Female,31.78,G2,1,,-23.69,133.89
141,1,Alice Springs,Female,58.52,G2,1,,-23.69,133.89
148,1,Alice Springs,Female,21.90,G2,1,,-23.69,133.89
171,1,Alice Springs,Female,62.53,G2,1,,-23.69,133.89
185,1,Alice Springs,Female,51.35,G2,1,,-23.69,133.89
192,1,Alice Springs,Female,75.35,G2,1,,-23.69,133.89
217,1,Alice Springs,Female,63.50,G2,1,,-23.69,133.89
218,1,Alice Springs,Female,43.03,G2,1,,-23.69,133.89
221,1,Alice Springs,Female,73.18,G2,1,,-23.69,133.89
222,1,Alice Springs,Female,43.55,G2,1,,-23.69,133.89
239,1,Alice Springs,Female,36.70,G2,1,,-23.69,133.89
240,1,Alice Springs,Female,38.97,G2,1,,-23.69,133.89
247,1,Alice Springs,Female,59.35,G2,1,,-23.69,133.89
255,1,Alice Springs,Female,39.95,G2,1,,-23.69,133.89
4,1,Alice Springs,Male,33.68,G2,1,,-23.69,133.89
8,1,Alice Springs,Male,36.28,G2,1,,-23.69,133.89
10,1,Alice Springs,Male,44.38,G2,1,,-23.69,133.89
17,1,Alice Springs,Male,42.12,G2,1,,-23.69,133.89
33,1,Alice Springs,Male,42.77,G2,1,,-23.69,133.89
34,1,Alice Springs,Male,42.92,G2,1,,-23.69,133.89
40,1,Alice Springs,Male,33.80,G2,1,,-23.69,133.89
47,1,Alice Springs,Male,35.70,G2,1,,-23.69,133.89
67,1,Alice Springs,Male,39.52,G2,1,,-23.69,133.89
69,1,Alice Springs,Male,45.37,G2,1,,-23.69,133.89
73,1,Alice Springs,Male,28.33,G2,1,,-23.69,133.89
86,1,Alice Springs,Male,32.73,G2,1,,-23.69,133.89
98,1,Alice Springs,Male,40.58,G2,1,,-23.69,133.89
106,1,Alice Springs,Male,38.23,G2,1,,-23.69,133.89
108,1,Alice Springs,Male,33.05,G2,1,,-23.69,133.89
135,1,Alice Springs,Male,40.40,G2,1,,-23.69,133.89
137,1,Alice Springs,Male,27.30,G2,1,,-23.69,133.89
138,1,Alice Springs,Male,19.45,G2,1,,-23.69,133.89
161,1,Alice Springs,Male,29.42,G2,1,,-23.69,133.89
163,1,Alice Springs,Male,24.93,G2,1,,-23.69,133.89
167,1,Alice Springs,Male,23.37,G2,1,,-23.69,133.89
177,1,Alice Springs,Male,37.35,G2,1,,-23.69,133.89
199,1,Alice Springs,Male,50.42,G2,1,,-23.69,133.89
201,1,Alice Springs,Male,37.03,G2,1,,-23.69,133.89
204,1,Alice Springs,Male,42.33,G2,1,,-23.69,133.89
212,1,Alice Springs,Male,33.25,G2,1,,-23.69,133.89
233,1,Alice Springs,Male,44.60,G2,1,,-23.69,133.89
236,1,Alice Springs,Male,36.95,G2,1,,-23.69,133.89
244,1,Alice Springs,Male,44.13,G2,1,,-23.69,133.89
246,1,Alice Springs,Male,39.45,G2,1,,-23.69,133.89
2,1,Darwin,Female,38.10,G2,1,,-12.42,130.85
13,1,Darwin,Female,32.55,G2,1,,-12.42,130.85
19,1,Darwin,Female,66.53,G2,1,,-12.42,130.85
29,1,Darwin,Female,32.97,G2,1,,-12.42,130.85
38,1,Darwin,Female,73.57,G2,1,,-12.42,130.85
39,1,Darwin,Female,38.15,G2,1,,-12.42,130.85
44,1,Darwin,Female,53.05,G2,1,,-12.42,130.85
65,1,Darwin,Female,58.00,G2,1,,-12.42,130.85
66,1,Darwin,Female,39.20,G2,1,,-12.42,130.85
71,1,Darwin,Female,31.53,G2,1,,-12.42,130.85
103,1,Darwin,Female,52.10,G2,1,,-12.42,130.85
107,1,Darwin,Female,45.30,G2,1,,-12.42,130.85
126,1,Darwin,Female,42.45,G2,1,,-12.42,130.85
128,1,Darwin,Female,43.50,G2,1,,-12.42,130.85
155,1,Darwin,Female,73.73,G2,1,,-12.42,130.85
157,1,Darwin,Female,45.90,G2,1,,-12.42,130.85
159,1,Darwin,Female,72.35,G2,1,,-12.42,130.85
160,1,Darwin,Female,42.38,G2,1,,-12.42,130.85
184,1,Darwin,Female,30.43,G2,1,,-12.42,130.85
187,1,Darwin,Female,35.52,G2,1,,-12.42,130.85
188,1,Darwin,Female,35.83,G2,1,,-12.42,130.85
190,1,Darwin,Female,47.23,G2,1,,-12.42,130.85
209,1,Darwin,Female,48.53,G2,1,,-12.42,130.85
213,1,Darwin,Female,50.78,G2,1,,-12.42,130.85
214,1,Darwin,Female,49.02,G2,1,,-12.42,130.85
216,1,Darwin,Female,62.12,G2,1,,-12.42,130.85
237,1,Darwin,Female,51.28,G2,1,,-12.42,130.85
238,1,Darwin,Female,53.02,G2,1,,-12.42,130.85
245,1,Darwin,Female,47.45,G2,1,,-12.42,130.85
248,1,Darwin,Female,48.50,G2,1,,-12.42,130.85
5,1,Darwin,Male,40.88,G2,1,,-12.42,130.85
21,1,Darwin,Male,21.00,G2,1,,-12.42,130.85
22,1,Darwin,Male,22.52,G2,1,,-12.42,130.85
23,1,Darwin,Male,42.55,G2,1,,-12.42,130.85
35,1,Darwin,Male,55.72,G2,1,,-12.42,130.85
41,1,Darwin,Male,23.73,G2,1,,-12.42,130.85
58,1,Darwin,Male,36.27,G2,1,,-12.42,130.85
60,1,Darwin,Male,42.50,G2,1,,-12.42,130.85
75,1,Darwin,Male,52.88,G2,1,,-12.42,130.85
79,1,Darwin,Male,41.27,G2,1,,-12.42,130.85
82,1,Darwin,Male,36.78,G2,1,,-12.42,130.85
88,1,Darwin,Male,33.08,G2,1,,-12.42,130.85
99,1,Darwin,Male,40.92,G2,1,,-12.42,130.85
101,1,Darwin,Male,44.37,G2,1,,-12.42,130.85
115,1,Darwin,Male,59.32,G2,1,,-12.42,130.85
133,1,Darwin,Male,41.92,G2,1,,-12.42,130.85
134,1,Darwin,Male,32.43,G2,1,,-12.42,130.85
142,1,Darwin,Male,28.42,G2,1,,-12.42,130.85
144,1,Darwin,Male,28.25,G2,1,,-12.42,130.85
165,1,Darwin,Male,48.68,G2,1,,-12.42,130.85
166,1,Darwin,Male,45.75,G2,1,,-12.42,130.85
168,1,Darwin,Male,36.50,G2,1,,-12.42,130.85
193,1,Darwin,Male,45.80,G2,1,,-12.42,130.85
195,1,Darwin,Male,67.25,G2,1,,-12.42,130.85
198,1,Darwin,Male,16.93,G2,1,,-12.42,130.85
203,1,Darwin,Male,70.67,G2,1,,-12.42,130.85
225,1,Darwin,Male,18.13,G2,1,,-12.42,130.85
226,1,Darwin,Male,32.98,G2,1,,-12.42,130.85
228,1,Darwin,Male,45.83,G2,1,,-12.42,130.85
232,1,Darwin,Male,28.38,G2,1,,-12.42,130.85
1,1,S06,Female,18.02,G100-1,1,,-30.33,149.78
3,1,S06,Female,31.22,G100-1,1,,-30.33,149.78
26,1,S06,Female,43.53,G100-1,1,,-30.33,149.78
36,1,S06,Female,45.85,G100-1,1,,-30.33,149.78
46,1,S06,Female,43.68,G100-1,1,,-30.33,149.78
50,1,S06,Female,46.75,G100-1,1,,-30.33,149.78
56,1,S06,Female,26.97,G100-1,1,,-30.33,149.78
68,1,S06,Female,34.28,G100-1,1,,-30.33,149.78
72,1,S06,Female,38.37,G100-1,1,,-30.33,149.78
81,1,S06,Female,40.85,G100-1,1,,-30.33,149.78
84,1,S06,Female,28.90,G100-1,1,,-30.33,149.78
97,1,S06,Female,49.80,G100-1,1,,-30.33,149.78
104,1,S06,Female,41.50,G100-1,1,,-30.33,149.78
116,1,S06,Female,31.80,G100-1,1,,-30.33,149.78
131,1,S06,Female,75.13,G100-1,1,,-30.33,149.78
139,1,S06,Female,56.23,G100-1,1,,-30.33,149.78
162,1,S06,Female,33.07,G100-1,1,,-30.33,149.78
164,1,S06,Female,40.07,G100-1,1,,-30.33,149.78
169,1,S06,Female,41.62,G100-1,1,,-30.33,149.78
179,1,S06,Female,43.48,G100-1,1,,-30.33,149.78
194,1,S06,Female,75.43,G100-1,1,,-30.33,149.78
200,1,S06,Female,36.87,G100-1,1,,-30.33,149.78
210,1,S06,Female,72.15,G100-1,1,,-30.33,149.78
220,1,S06,Female,49.37,G100-1,1,,-30.33,149.78
234,1,S06,Female,43.37,G100-1,1,,-30.33,149.78
249,1,S06,Female,46.62,G100-1,1,,-30.33,149.78
250,1,S06,Female,35.90,G100-1,1,,-30.33,149.78
253,1,S06,Female,19.98,G100-1,1,,-30.33,149.78
14,1,S06,Male,19.70,G100-1,1,,-30.33,149.78
16,1,S06,Male,27.03,G100-1,1,,-30.33,149.78
20,1,S06,Male,44.78,G100-1,1,,-30.33,149.78
32,1,S06,Male,19.87,G100-1,1,,-30.33,149.78
52,1,S06,Male,26.20,G100-1,1,,-30.33,149.78
59,1,S06,Male,29.00,G100-1,1,,-30.33,149.78
62,1,S06,Male,41.10,G100-1,1,,-30.33,149.78
63,1,S06,Male,22.95,G100-1,1,,-30.33,149.78
77,1,S06,Male,43.47,G100-1,1,,-30.33,149.78
90,1,S06,Male,38.97,G100-1,1,,-30.33,149.78
96,1,S06,Male,33.48,G100-1,1,,-30.33,149.78
114,1,S06,Male,41.98,G100-1,1,,-30.33,149.78
120,1,S06,Male,32.52,G100-1,1,,-30.33,149.78
123,1,S06,Male,33.25,G100-1,1,,-30.33,149.78
125,1,S06,Male,33.45,G100-1,1,,-30.33,149.78
151,1,S06,Male,17.38,G100-1,1,,-30.33,149.78
154,1,S06,Male,36.28,G100-1,1,,-30.33,149.78
156,1,S06,Male,25.70,G100-1,1,,-30.33,149.78
174,1,S06,Male,43.98,G100-1,1,,-30.33,149.78
180,1,S06,Male,23.82,G100-1,1,,-30.33,149.78
186,1,S06,Male,30.90,G100-1,1,,-30.33,149.78
189,1,S06,Male,31.27,G100-1,1,,-30.33,149.78
205,1,S06,Male,46.83,G100-1,1,,-30.33,149.78
219,1,S06,Male,43.10,G100-1,1,,-30.33,149.78
223,1,S06,Male,48.05,G100-1,1,,-30.33,149.78
224,1,S06,Male,33.02,G100-1,1,,-30.33,149.78
242,1,S06,Male,54.62,G100-1,1,,-30.33,149.78
243,1,S06,Male,38.58,G100-1,1,,-30.33,149.78
254,1,S06,Male,24.98,G100-1,1,,-30.33,149.78
256,1,S06,Male,38.05,G100-1,1,,-30.33,149.78
6,1,Sydney,Female,38.53,G2,1,,-33.90,151.14
11,1,Sydney,Female,75.58,G2,1,,-33.90,151.14
24,1,Sydney,Female,75.57,G2,1,,-33.90,151.14
27,1,Sydney,Female,29.60,G2,1,,-33.90,151.14
43,1,Sydney,Female,26.68,G2,1,,-33.90,151.14
45,1,Sydney,Female,31.32,G2,1,,-33.90,151.14
61,1,Sydney,Female,44.07,G2,1,,-33.90,151.14
92,1,Sydney,Female,32.45,G2,1,,-33.90,151.14
93,1,Sydney,Female,47.50,G2,1,,-33.90,151.14
94,1,Sydney,Female,35.42,G2,1,,-33.90,151.14
95,1,Sydney,Female,37.37,G2,1,,-33.90,151.14
111,1,Sydney,Female,48.87,G2,1,,-33.90,151.14
119,1,Sydney,Female,27.57,G2,1,,-33.90,151.14
122,1,Sydney,Female,25.93,G2,1,,-33.90,151.14
127,1,Sydney,Female,42.63,G2,1,,-33.90,151.14
146,1,Sydney,Female,56.88,G2,1,,-33.90,151.14
147,1,Sydney,Female,27.83,G2,1,,-33.90,151.14
152,1,Sydney,Female,36.08,G2,1,,-33.90,151.14
153,1,Sydney,Female,33.33,G2,1,,-33.90,151.14
173,1,Sydney,Female,34.15,G2,1,,-33.90,151.14
175,1,Sydney,Female,43.70,G2,1,,-33.90,151.14
181,1,Sydney,Female,60.33,G2,1,,-33.90,151.14
196,1,Sydney,Female,27.27,G2,1,,-33.90,151.14
197,1,Sydney,Female,67.85,G2,1,,-33.90,151.14
202,1,Sydney,Female,44.35,G2,1,,-33.90,151.14
208,1,Sydney,Female,41.68,G2,1,,-33.90,151.14
227,1,Sydney,Female,25.38,G2,1,,-33.90,151.14
229,1,Sydney,Female,45.85,G2,1,,-33.90,151.14
231,1,Sydney,Female,53.97,G2,1,,-33.90,151.14
235,1,Sydney,Female,37.28,G2,1,,-33.90,151.14
7,1,Sydney,Male,28.80,G2,1,,-33.90,151.14
18,1,Sydney,Male,38.87,G2,1,,-33.90,151.14
30,1,Sydney,Male,39.33,G2,1,,-33.90,151.14
31,1,Sydney,Male,35.47,G2,1,,-33.90,151.14
48,1,Sydney,Male,22.37,G2,1,,-33.90,151.14
51,1,Sydney,Male,31.03,G2,1,,-33.90,151.14
54,1,Sydney,Male,38.77,G2,1,,-33.90,151.14
57,1,Sydney,Male,21.27,G2,1,,-33.90,151.14
74,1,Sydney,Male,48.98,G2,1,,-33.90,151.14
87,1,Sydney,Male,41.87,G2,1,,-33.90,151.14
89,1,Sydney,Male,35.08,G2,1,,-33.90,151.14
102,1,Sydney,Male,47.18,G2,1,,-33.90,151.14
118,1,Sydney,Male,32.15,G2,1,,-33.90,151.14
121,1,Sydney,Male,18.82,G2,1,,-33.90,151.14
124,1,Sydney,Male,32.42,G2,1,,-33.90,151.14
143,1,Sydney,Male,21.50,G2,1,,-33.90,151.14
145,1,Sydney,Male,37.42,G2,1,,-33.90,151.14
150,1,Sydney,Male,8.88,G2,1,,-33.90,151.14
170,1,Sydney,Male,46.07,G2,1,,-33.90,151.14
182,1,Sydney,Male,28.80,G2,1,,-33.90,151.14
183,1,Sydney,Male,24.28,G2,1,,-33.90,151.14
191,1,Sydney,Male,32.78,G2,1,,-33.90,151.14
206,1,Sydney,Male,70.25,G2,1,,-33.90,151.14
207,1,Sydney,Male,33.68,G2,1,,-33.90,151.14
211,1,Sydney,Male,39.18,G2,1,,-33.90,151.14
215,1,Sydney,Male,75.52,G2,1,,-33.90,151.14
230,1,Sydney,Male,40.28,G2,1,,-33.90,151.14
241,1,Sydney,Male,49.72,G2,1,,-33.90,151.14
251,1,Sydney,Male,36.20,G2,1,,-33.90,151.14
252,1,Sydney,Male,37.77,G2,1,,-33.90,151.14
10,2,Batemans Bay,Female,39.48,G2,1,,-35.70,150.19
26,2,Batemans Bay,Female,38.78,G2,1,,-35.70,150.19
61,2,Batemans Bay,Female,44.55,G2,1,,-35.70,150.19
68,2,Batemans Bay,Female,41.07,G2,1,,-35.70,150.19
73,2,Batemans Bay,Female,57.28,G2,1,,-35.70,150.19
76,2,Batemans Bay,Female,24.60,G2,1,,-35.70,150.19
107,2,Batemans Bay,Female,45.98,G2,1,,-35.70,150.19
115,2,Batemans Bay,Female,11.95,G2,1,,-35.70,150.19
127,2,Batemans Bay,Female,52.35,G2,1,,-35.70,150.19
144,2,Batemans Bay,Female,56.25,G2,1,,-35.70,150.19
164,2,Batemans Bay,Female,29.83,G2,1,,-35.70,150.19
222,2,Batemans Bay,Female,27.13,G2,1,,-35.70,150.19
228,2,Batemans Bay,Female,43.75,G2,1,,-35.70,150.19
271,2,Batemans Bay,Female,41.22,G2,1,,-35.70,150.19
295,2,Batemans Bay,Female,45.08,G2,1,,-35.70,150.19
301,2,Batemans Bay,Female,53.83,G2,2,,-35.70,150.19
328,2,Batemans Bay,Female,19.18,G2,2,,-35.70,150.19
330,2,Batemans Bay,Female,26.28,G2,2,,-35.70,150.19
360,2,Batemans Bay,Female,57.25,G2,2,,-35.70,150.19
363,2,Batemans Bay,Female,47.97,G2,2,,-35.70,150.19
369,2,Batemans Bay,Female,44.35,G2,2,,-35.70,150.19
393,2,Batemans Bay,Female,35.65,G2,2,,-35.70,150.19
412,2,Batemans Bay,Female,50.90,G2,2,,-35.70,150.19
490,2,Batemans Bay,Female,26.50,G2,2,,-35.70,150.19
509,2,Batemans Bay,Female,44.98,G2,2,,-35.70,150.19
559,2,Batemans Bay,Female,25.07,G2,2,,-35.70,150.19
566,2,Batemans Bay,Female,44.00,G2,2,,-35.70,150.19
569,2,Batemans Bay,Female,49.17,G2,2,,-35.70,150.19
571,2,Batemans Bay,Female,41.52,G2,2,,-35.70,150.19
582,2,Batemans Bay,Female,45.60,G2,2,,-35.70,150.19
7,2,Batemans Bay,Male,38.12,G2,1,,-35.70,150.19
16,2,Batemans Bay,Male,31.68,G2,1,,-35.70,150.19
32,2,Batemans Bay,Male,23.93,G2,1,,-35.70,150.19
51,2,Batemans Bay,Male,49.18,G2,1,,-35.70,150.19
52,2,Batemans Bay,Male,34.68,G2,1,,-35.70,150.19
63,2,Batemans Bay,Male,30.55,G2,1,,-35.70,150.19
90,2,Batemans Bay,Male,42.62,G2,1,,-35.70,150.19
94,2,Batemans Bay,Male,34.27,G2,1,,-35.70,150.19
131,2,Batemans Bay,Male,43.82,G2,1,,-35.70,150.19
163,2,Batemans Bay,Male,43.93,G2,1,,-35.70,150.19
216,2,Batemans Bay,Male,34.00,G2,1,,-35.70,150.19
254,2,Batemans Bay,Male,40.13,G2,1,,-35.70,150.19
259,2,Batemans Bay,Male,33.58,G2,1,,-35.70,150.19
269,2,Batemans Bay,Male,41.38,G2,1,,-35.70,150.19
298,2,Batemans Bay,Male,23.17,G2,1,,-35.70,150.19
320,2,Batemans Bay,Male,35.18,G2,2,,-35.70,150.19
321,2,Batemans Bay,Male,59.93,G2,2,,-35.70,150.19
338,2,Batemans Bay,Male,27.92,G2,2,,-35.70,150.19
343,2,Batemans Bay,Male,17.07,G2,2,,-35.70,150.19
344,2,Batemans Bay,Male,42.92,G2,2,,-35.70,150.19
371,2,Batemans Bay,Male,24.80,G2,2,,-35.70,150.19
388,2,Batemans Bay,Male,35.12,G2,2,,-35.70,150.19
429,2,Batemans Bay,Male,45.07,G2,2,,-35.70,150.19
447,2,Batemans Bay,Male,45.68,G2,2,,-35.70,150.19
474,2,Batemans Bay,Male,16.52,G2,2,,-35.70,150.19
479,2,Batemans Bay,Male,33.20,G2,2,,-35.70,150.19
507,2,Batemans Bay,Male,42.27,G2,2,,-35.70,150.19
541,2,Batemans Bay,Male,31.52,G2,2,,-35.70,150.19
562,2,Batemans Bay,Male,40.95,G2,2,,-35.70,150.19
596,2,Batemans Bay,Male,40.33,G2,2,,-35.70,150.19
41,2,Bega Valley,Female,34.32,G2,1,,-36.78,149.78
67,2,Bega Valley,Female,41.17,G2,1,,-36.78,149.78
74,2,Bega Valley,Female,22.72,G2,1,,-36.78,149.78
84,2,Bega Valley,Female,22.42,G2,1,,-36.78,149.78
88,2,Bega Valley,Female,31.62,G2,1,,-36.78,149.78
119,2,Bega Valley,Female,40.42,G2,1,,-36.78,149.78
142,2,Bega Valley,Female,55.57,G2,1,,-36.78,149.78
156,2,Bega Valley,Female,73.25,G2,1,,-36.78,149.78
191,2,Bega Valley,Female,44.70,G2,1,,-36.78,149.78
214,2,Bega Valley,Female,59.25,G2,1,,-36.78,149.78
252,2,Bega Valley,Female,47.17,G2,1,,-36.78,149.78
261,2,Bega Valley,Female,34.22,G2,1,,-36.78,149.78
286,2,Bega Valley,Female,22.82,G2,1,,-36.78,149.78
287,2,Bega Valley,Female,64.35,G2,1,,-36.78,149.78
294,2,Bega Valley,Female,49.30,G2,1,,-36.78,149.78
302,2,Bega Valley,Female,21.87,G2,2,,-36.78,149.78
307,2,Bega Valley,Female,58.92,G2,2,,-36.78,149.78
356,2,Bega Valley,Female,56.88,G2,2,,-36.78,149.78
367,2,Bega Valley,Female,77.05,G2,2,,-36.78,149.78
383,2,Bega Valley,Female,43.18,G2,2,,-36.78,149.78
400,2,Bega Valley,Female,48.80,G2,2,,-36.78,149.78
405,2,Bega Valley,Female,44.40,G2,2,,-36.78,149.78
434,2,Bega Valley,Female,41.77,G2,2,,-36.78,149.78
448,2,Bega Valley,Female,48.32,G2,2,,-36.78,149.78
449,2,Bega Valley,Female,51.55,G2,2,,-36.78,149.78
464,2,Bega Valley,Female,36.92,G2,2,,-36.78,149.78
473,2,Bega Valley,Female,29.55,G2,2,,-36.78,149.78
495,2,Bega Valley,Female,13.35,G2,2,,-36.78,149.78
598,2,Bega Valley,Female,36.57,G2,2,,-36.78,149.78
20,2,Bega Valley,Male,27.38,G2,1,,-36.78,149.78
36,2,Bega Valley,Male,40.10,G2,1,,-36.78,149.78
56,2,Bega Valley,Male,24.38,G2,1,,-36.78,149.78
60,2,Bega Valley,Male,30.17,G2,1,,-36.78,149.78
92,2,Bega Valley,Male,34.13,G2,1,,-36.78,149.78
98,2,Bega Valley,Male,34.45,G2,1,,-36.78,149.78
130,2,Bega Valley,Male,60.53,G2,1,,-36.78,149.78
169,2,Bega Valley,Male,57.20,G2,1,,-36.78,149.78
187,2,Bega Valley,Male,26.00,G2,1,,-36.78,149.78
206,2,Bega Valley,Male,54.65,G2,1,,-36.78,149.78
208,2,Bega Valley,Male,26.40,G2,1,,-36.78,149.78
221,2,Bega Valley,Male,27.10,G2,1,,-36.78,149.78
242,2,Bega Valley,Male,42.87,G2,1,,-36.78,149.78
248,2,Bega Valley,Male,19.03,G2,1,,-36.78,149.78
266,2,Bega Valley,Male,54.62,G2,1,,-36.78,149.78
364,2,Bega Valley,Male,29.68,G2,2,,-36.78,149.78
394,2,Bega Valley,Male,33.12,G2,2,,-36.78,149.78
397,2,Bega Valley,Male,20.90,G2,2,,-36.78,149.78
402,2,Bega Valley,Male,21.62,G2,2,,-36.78,149.78
409,2,Bega Valley,Male,49.22,G2,2,,-36.78,149.78
413,2,Bega Valley,Male,23.20,G2,2,,-36.78,149.78
433,2,Bega Valley,Male,41.62,G2,2,,-36.78,149.78
476,2,Bega Valley,Male,41.58,G2,2,,-36.78,149.78
528,2,Bega Valley,Male,17.18,G2,2,,-36.78,149.78
534,2,Bega Valley,Male,36.52,G2,2,,-36.78,149.78
538,2,Bega Valley,Male,15.28,G2,2,,-36.78,149.78
545,2,Bega Valley,Male,27.87,G2,2,,-36.78,149.78
567,2,Bega Valley,Male,35.32,G2,2,,-36.78,149.78
568,2,Bega Valley,Male,18.93,G2,2,,-36.78,149.78
589,2,Bega Valley,Male,40.60,G2,2,,-36.78,149.78
9,2,Canberra,Female,43.08,G2,1,,-35.27,149.11
21,2,Canberra,Female,43.78,G2,1,,-35.27,149.11
23,2,Canberra,Female,61.65,G2,1,,-35.27,149.11
66,2,Canberra,Female,32.92,G2,1,,-35.27,149.11
96,2,Canberra,Female,22.10,G2,1,,-35.27,149.11
100,2,Canberra,Female,37.32,G2,1,,-35.27,149.11
114,2,Canberra,Female,46.30,G2,1,,-35.27,149.11
154,2,Canberra,Female,67.88,G2,1,,-35.27,149.11
172,2,Canberra,Female,31.57,G2,1,,-35.27,149.11
178,2,Canberra,Female,35.78,G2,1,,-35.27,149.11
190,2,Canberra,Female,41.10,G2,1,,-35.27,149.11
192,2,Canberra,Female,54.30,G2,1,,-35.27,149.11
278,2,Canberra,Female,38.32,G2,1,,-35.27,149.11
289,2,Canberra,Female,24.48,G2,1,,-35.27,149.11
304,2,Canberra,Female,73.33,G2,2,,-35.27,149.11
309,2,Canberra,Female,48.43,G2,2,,-35.27,149.11
327,2,Canberra,Female,38.08,G2,2,,-35.27,149.11
345,2,Canberra,Female,56.08,G2,2,,-35.27,149.11
353,2,Canberra,Female,60.32,G2,2,,-35.27,149.11
357,2,Canberra,Female,31.43,G2,2,,-35.27,149.11
380,2,Canberra,Female,61.47,G2,2,,-35.27,149.11
422,2,Canberra,Female,41.12,G2,2,,-35.27,149.11
426,2,Canberra,Female,44.92,G2,2,,-35.27,149.11
438,2,Canberra,Female,53.45,G2,2,,-35.27,149.11
455,2,Canberra,Female,48.08,G2,2,,-35.27,149.11
465,2,Canberra,Female,27.45,G2,2,,-35.27,149.11
504,2,Canberra,Female,59.78,G2,2,,-35.27,149.11
588,2,Canberra,Female,26.45,G2,2,,-35.27,149.11
597,2,Canberra,Female,40.20,G2,2,,-35.27,149.11
5,2,Canberra,Male,25.02,G2,1,,-35.27,149.11
15,2,Canberra,Male,39.57,G2,1,,-35.27,149.11
40,2,Canberra,Male,39.98,G2,1,,-35.27,149.11
91,2,Canberra,Male,31.77,G2,1,,-35.27,149.11
118,2,Canberra,Male,35.17,G2,1,,-35.27,149.11
133,2,Canberra,Male,41.27,G2,1,,-35.27,149.11
138,2,Canberra,Male,32.88,G2,1,,-35.27,149.11
146,2,Canberra,Male,64.08,G2,1,,-35.27,149.11
157,2,Canberra,Male,53.13,G2,1,,-35.27,149.11
167,2,Canberra,Male,44.15,G2,1,,-35.27,149.11
180,2,Canberra,Male,29.43,G2,1,,-35.27,149.11
193,2,Canberra,Male,57.43,G2,1,,-35.27,149.11
227,2,Canberra,Male,34.58,G2,1,,-35.27,149.11
249,2,Canberra,Male,47.07,G2,1,,-35.27,149.11
265,2,Canberra,Male,49.05,G2,1,,-35.27,149.11
319,2,Canberra,Male,42.48,G2,2,,-35.27,149.11
332,2,Canberra,Male,26.03,G2,2,,-35.27,149.11
335,2,Canberra,Male,28.18,G2,2,,-35.27,149.11
347,2,Canberra,Male,26.62,G2,2,,-35.27,149.11
403,2,Canberra,Male,26.55,G2,2,,-35.27,149.11
417,2,Canberra,Male,43.93,G2,2,,-35.27,149.11
430,2,Canberra,Male,15.78,G2,2,,-35.27,149.11
436,2,Canberra,Male,41.93,G2,2,,-35.27,149.11
439,2,Canberra,Male,37.58,G2,2,,-35.27,149.11
442,2,Canberra,Male,38.75,G2,2,,-35.27,149.11
452,2,Canberra,Male,38.27,G2,2,,-35.27,149.11
514,2,Canberra,Male,18.73,G2,2,,-35.27,149.11
542,2,Canberra,Male,33.80,G2,2,,-35.27,149.11
591,2,Canberra,Male,26.82,G2,2,,-35.27,149.11
592,2,Canberra,Male,27.02,G2,2,,-35.27,149.11
29,2,Griffith,Female,40.27,G2,1,,-34.29,146.04
33,2,Griffith,Female,54.13,G2,1,,-34.29,146.04
77,2,Griffith,Female,49.35,G2,1,,-34.29,146.04
123,2,Griffith,Female,52.12,G2,1,,-34.29,146.04
140,2,Griffith,Female,23.13,G2,1,,-34.29,146.04
153,2,Griffith,Female,54.12,G2,1,,-34.29,146.04
171,2,Griffith,Female,53.52,G2,1,,-34.29,146.04
176,2,Griffith,Female,25.30,G2,1,,-34.29,146.04
196,2,Griffith,Female,15.03,G2,1,,-34.29,146.04
199,2,Griffith,Female,53.80,G2,1,,-34.29,146.04
236,2,Griffith,Female,46.10,G2,1,,-34.29,146.04
245,2,Griffith,Female,46.90,G2,1,,-34.29,146.04
255,2,Griffith,Female,40.30,G2,1,,-34.29,146.04
256,2,Griffith,Female,40.40,G2,1,,-34.29,146.04
258,2,Griffith,Female,40.52,G2,1,,-34.29,146.04
351,2,Griffith,Female,62.05,G2,2,,-34.29,146.04
354,2,Griffith,Female,56.68,G2,2,,-34.29,146.04
358,2,Griffith,Female,60.82,G2,2,,-34.29,146.04
368,2,Griffith,Female,25.10,G2,2,,-34.29,146.04
375,2,Griffith,Female,29.23,G2,2,,-34.29,146.04
390,2,Griffith,Female,32.93,G2,2,,-34.29,146.04
428,2,Griffith,Female,30.13,G2,2,,-34.29,146.04
466,2,Griffith,Female,37.05,G2,2,,-34.29,146.04
482,2,Griffith,Female,40.05,G2,2,,-34.29,146.04
510,2,Griffith,Female,36.02,G2,2,,-34.29,146.04
523,2,Griffith,Female,36.72,G2,2,,-34.29,146.04
531,2,Griffith,Female,36.58,G2,2,,-34.29,146.04
540,2,Griffith,Female,18.85,G2,2,,-34.29,146.04
590,2,Griffith,Female,47.12,G2,2,,-34.29,146.04
600,2,Griffith,Female,42.15,G2,2,,-34.29,146.04
58,2,Griffith,Male,70.42,G2,1,,-34.29,146.04
70,2,Griffith,Male,20.72,G2,1,,-34.29,146.04
104,2,Griffith,Male,45.70,G2,1,,-34.29,146.04
106,2,Griffith,Male,54.70,G2,1,,-34.29,146.04
113,2,Griffith,Male,37.57,G2,1,,-34.29,146.04
124,2,Griffith,Male,47.42,G2,1,,-34.29,146.04
129,2,Griffith,Male,27.73,G2,1,,-34.29,146.04
145,2,Griffith,Male,41.80,G2,1,,-34.29,146.04
177,2,Griffith,Male,19.85,G2,1,,-34.29,146.04
229,2,Griffith,Male,46.70,G2,1,,-34.29,146.04
235,2,Griffith,Male,46.32,G2,1,,-34.29,146.04
257,2,Griffith,Male,43.70,G2,1,,-34.29,146.04
284,2,Griffith,Male,42.00,G2,1,,-34.29,146.04
291,2,Griffith,Male,12.68,G2,1,,-34.29,146.04
296,2,Griffith,Male,31.88,G2,1,,-34.29,146.04
331,2,Griffith,Male,26.13,G2,2,,-34.29,146.04
339,2,Griffith,Male,38.30,G2,2,,-34.29,146.04
341,2,Griffith,Male,22.40,G2,2,,-34.29,146.04
348,2,Griffith,Male,23.97,G2,2,,-34.29,146.04
392,2,Griffith,Male,35.27,G2,2,,-34.29,146.04
404,2,Griffith,Male,17.98,G2,2,,-34.29,146.04
425,2,Griffith,Male,18.17,G2,2,,-34.29,146.04
432,2,Griffith,Male,30.43,G2,2,,-34.29,146.04
471,2,Griffith,Male,44.25,G2,2,,-34.29,146.04
520,2,Griffith,Male,38.15,G2,2,,-34.29,146.04
527,2,Griffith,Male,52.23,G2,2,,-34.29,146.04
547,2,Griffith,Male,28.12,G2,2,,-34.29,146.04
556,2,Griffith,Male,39.60,G2,2,,-34.29,146.04
558,2,Griffith,Male,29.63,G2,2,,-34.29,146.04
581,2,Griffith,Male,38.43,G2,2,,-34.29,146.04
12,2,Mareeba,Female,43.27,G2,1,,-17.01,145.43
25,2,Mareeba,Female,32.05,G2,1,,-17.01,145.43
62,2,Mareeba,Female,41.42,G2,1,,-17.01,145.43
75,2,Mareeba,Female,44.27,G2,1,,-17.01,145.43
132,2,Mareeba,Female,46.97,G2,1,,-17.01,145.43
136,2,Mareeba,Female,69.22,G2,1,,-17.01,145.43
162,2,Mareeba,Female,58.22,G2,1,,-17.01,145.43
209,2,Mareeba,Female,33.55,G2,1,,-17.01,145.43
211,2,Mareeba,Female,72.20,G2,1,,-17.01,145.43
239,2,Mareeba,Female,50.98,G2,1,,-17.01,145.43
275,2,Mareeba,Female,40.73,G2,1,,-17.01,145.43
277,2,Mareeba,Female,43.90,G2,1,,-17.01,145.43
288,2,Mareeba,Female,42.15,G2,1,,-17.01,145.43
293,2,Mareeba,Female,17.40,G2,1,,-17.01,145.43
333,2,Mareeba,Female,35.55,G2,2,,-17.01,145.43
352,2,Mareeba,Female,28.87,G2,2,,-17.01,145.43
362,2,Mareeba,Female,44.62,G2,2,,-17.01,145.43
423,2,Mareeba,Female,44.72,G2,2,,-17.01,145.43
440,2,Mareeba,Female,37.68,G2,2,,-17.01,145.43
475,2,Mareeba,Female,29.58,G2,2,,-17.01,145.43
489,2,Mareeba,Female,35.73,G2,2,,-17.01,145.43
497,2,Mareeba,Female,41.98,G2,2,,-17.01,145.43
512,2,Mareeba,Female,38.02,G2,2,,-17.01,145.43
526,2,Mareeba,Female,45.43,G2,2,,-17.01,145.43
548,2,Mareeba,Female,36.95,G2,2,,-17.01,145.43
550,2,Mareeba,Female,34.18,G2,2,,-17.01,145.43
552,2,Mareeba,Female,43.28,G2,2,,-17.01,145.43
579,2,Mareeba,Female,55.77,G2,2,,-17.01,145.43
1,2,Mareeba,Male,42.97,G2,1,,-17.01,145.43
11,2,Mareeba,Male,43.40,G2,1,,-17.01,145.43
31,2,Mareeba,Male,27.62,G2,1,,-17.01,145.43
47,2,Mareeba,Male,18.50,G2,1,,-17.01,145.43
78,2,Mareeba,Male,40.82,G2,1,,-17.01,145.43
101,2,Mareeba,Male,43.43,G2,1,,-17.01,145.43
121,2,Mareeba,Male,33.27,G2,1,,-17.01,145.43
165,2,Mareeba,Male,55.90,G2,1,,-17.01,145.43
168,2,Mareeba,Male,25.00,G2,1,,-17.01,145.43
182,2,Mareeba,Male,32.58,G2,1,,-17.01,145.43
185,2,Mareeba,Male,12.72,G2,1,,-17.01,145.43
238,2,Mareeba,Male,23.68,G2,1,,-17.01,145.43
244,2,Mareeba,Male,43.17,G2,1,,-17.01,145.43
253,2,Mareeba,Male,24.35,G2,1,,-17.01,145.43
264,2,Mareeba,Male,46.05,G2,1,,-17.01,145.43
303,2,Mareeba,Male,45.02,G2,2,,-17.01,145.43
312,2,Mareeba,Male,54.75,G2,2,,-17.01,145.43
326,2,Mareeba,Male,23.67,G2,2,,-17.01,145.43
336,2,Mareeba,Male,51.37,G2,2,,-17.01,145.43
391,2,Mareeba,Male,22.87,G2,2,,-17.01,145.43
399,2,Mareeba,Male,50.47,G2,2,,-17.01,145.43
480,2,Mareeba,Male,33.33,G2,2,,-17.01,145.43
481,2,Mareeba,Male,29.98,G2,2,,-17.01,145.43
484,2,Mareeba,Male,33.62,G2,2,,-17.01,145.43
501,2,Mareeba,Male,22.45,G2,2,,-17.01,145.43
517,2,Mareeba,Male,48.40,G2,2,,-17.01,145.43
533,2,Mareeba,Male,34.03,G2,2,,-17.01,145.43
553,2,Mareeba,Male,43.37,G2,2,,-17.01,145.43
575,2,Mareeba,Male,35.05,G2,2,,-17.01,145.43
587,2,Mareeba,Male,31.02,G2,2,,-17.01,145.43
14,2,S06,Female,31.48,G100-2,1,,-30.33,149.78
18,2,S06,Female,48.78,G100-2,1,,-30.33,149.78
19,2,S06,Female,33.88,G100-2,1,,-30.33,149.78
22,2,S06,Female,25.88,G100-2,1,,-30.33,149.78
28,2,S06,Female,42.07,G100-2,1,,-30.33,149.78
79,2,S06,Female,28.05,G100-2,1,,-30.33,149.78
161,2,S06,Female,42.18,G100-2,1,,-30.33,149.78
170,2,S06,Female,31.35,G100-2,1,,-30.33,149.78
198,2,S06,Female,22.85,G100-2,1,,-30.33,149.78
207,2,S06,Female,33.33,G100-2,1,,-30.33,149.78
215,2,S06,Female,38.10,G100-2,1,,-30.33,149.78
217,2,S06,Female,55.23,G100-2,1,,-30.33,149.78
233,2,S06,Female,34.37,G100-2,1,,-30.33,149.78
237,2,S06,Female,23.88,G100-2,1,,-30.33,149.78
279,2,S06,Female,38.57,G100-2,1,,-30.33,149.78
359,2,S06,Female,47.17,G100-2,2,,-30.33,149.78
365,2,S06,Female,58.32,G100-2,2,,-30.33,149.78
377,2,S06,Female,50.27,G100-2,2,,-30.33,149.78
381,2,S06,Female,46.20,G100-2,2,,-30.33,149.78
384,2,S06,Female,43.33,G100-2,2,,-30.33,149.78
406,2,S06,Female,23.43,G100-2,2,,-30.33,149.78
419,2,S06,Female,36.10,G100-2,2,,-30.33,149.78
477,2,S06,Female,22.13,G100-2,2,,-30.33,149.78
491,2,S06,Female,37.62,G100-2,2,,-30.33,149.78
496,2,S06,Female,53.42,G100-2,2,,-30.33,149.78
499,2,S06,Female,61.18,G100-2,2,,-30.33,149.78
503,2,S06,Female,40.27,G100-2,2,,-30.33,149.78
508,2,S06,Female,50.77,G100-2,2,,-30.33,149.78
563,2,S06,Female,41.07,G100-2,2,,-30.33,149.78
572,2,S06,Female,69.40,G100-2,2,,-30.33,149.78
3,2,S06,Male,48.18,G100-2,1,,-30.33,149.78
13,2,S06,Male,53.67,G100-2,1,,-30.33,149.78
45,2,S06,Male,38.97,G100-2,1,,-30.33,149.78
54,2,S06,Male,29.85,G100-2,1,,-30.33,149.78
80,2,S06,Male,13.90,G100-2,1,,-30.33,149.78
82,2,S06,Male,42.10,G100-2,1,,-30.33,149.78
128,2,S06,Male,52.58,G100-2,1,,-30.33,149.78
143,2,S06,Male,59.40,G100-2,1,,-30.33,149.78
148,2,S06,Male,73.73,G100-2,1,,-30.33,149.78
188,2,S06,Male,42.78,G100-2,1,,-30.33,149.78
202,2,S06,Male,47.97,G100-2,1,,-30.33,149.78
203,2,S06,Male,20.55,G100-2,1,,-30.33,149.78
225,2,S06,Male,34.72,G100-2,1,,-30.33,149.78
281,2,S06,Male,34.87,G100-2,1,,-30.33,149.78
311,2,S06,Male,37.48,G100-2,2,,-30.33,149.78
314,2,S06,Male,37.33,G100-2,2,,-30.33,149.78
342,2,S06,Male,70.48,G100-2,2,,-30.33,149.78
350,2,S06,Male,43.22,G100-2,2,,-30.33,149.78
355,2,S06,Male,56.85,G100-2,2,,-30.33,149.78
389,2,S06,Male,39.58,G100-2,2,,-30.33,149.78
458,2,S06,Male,37.82,G100-2,2,,-30.33,149.78
469,2,S06,Male,37.15,G100-2,2,,-30.33,149.78
470,2,S06,Male,47.88,G100-2,2,,-30.33,149.78
483,2,S06,Male,40.78,G100-2,2,,-30.33,149.78
511,2,S06,Male,46.58,G100-2,2,,-30.33,149.78
521,2,S06,Male,20.38,G100-2,2,,-30.33,149.78
530,2,S06,Male,58.20,G100-2,2,,-30.33,149.78
554,2,S06,Male,41.30,G100-2,2,,-30.33,149.78
10,3,Brisbane,Female,71.35,G2,1,,-27.41,152.90
15,3,Brisbane,Female,63.57,G2,1,,-27.41,152.90
19,3,Brisbane,Female,63.78,G2,1,,-27.41,152.90
41,3,Brisbane,Female,60.30,G2,1,,-27.41,152.90
63,3,Brisbane,Female,38.43,G2,1,,-27.41,152.90
71,3,Brisbane,Female,43.65,G2,1,,-27.41,152.90
75,3,Brisbane,Female,37.83,G2,1,,-27.41,152.90
85,3,Brisbane,Female,41.28,G2,1,,-27.41,152.90
87,3,Brisbane,Female,41.62,G2,1,,-27.41,152.90
99,3,Brisbane,Female,42.85,G2,1,,-27.41,152.90
103,3,Brisbane,Female,44.18,G2,1,,-27.41,152.90
134,3,Brisbane,Female,48.42,G2,1,,-27.41,152.90
137,3,Brisbane,Female,45.72,G2,1,,-27.41,152.90
138,3,Brisbane,Female,48.60,G2,1,,-27.41,152.90
165,3,Brisbane,Female,49.67,G2,1,,-27.41,152.90
166,3,Brisbane,Female,44.47,G2,1,,-27.41,152.90
167,3,Brisbane,Female,49.42,G2,1,,-27.41,152.90
173,3,Brisbane,Female,26.05,G2,1,,-27.41,152.90
177,3,Brisbane,Female,33.78,G2,1,,-27.41,152.90
186,3,Brisbane,Female,23.58,G2,1,,-27.41,152.90
187,3,Brisbane,Female,42.88,G2,1,,-27.41,152.90
197,3,Brisbane,Female,51.53,G2,1,,-27.41,152.90
202,3,Brisbane,Female,37.57,G2,1,,-27.41,152.90
204,3,Brisbane,Female,37.00,G2,1,,-27.41,152.90
216,3,Brisbane,Female,46.90,G2,1,,-27.41,152.90
252,3,Brisbane,Female,28.85,G2,1,,-27.41,152.90
255,3,Brisbane,Female,36.73,G2,1,,-27.41,152.90
272,3,Brisbane,Female,27.02,G2,1,,-27.41,152.90
279,3,Brisbane,Female,30.05,G2,1,,-27.41,152.90
28,3,Brisbane,Male,16.85,G2,1,,-27.41,152.90
31,3,Brisbane,Male,34.43,G2,1,,-27.41,152.90
32,3,Brisbane,Male,51.15,G2,1,,-27.41,152.90
36,3,Brisbane,Male,50.68,G2,1,,-27.41,152.90
46,3,Brisbane,Male,35.82,G2,1,,-27.41,152.90
52,3,Brisbane,Male,31.37,G2,1,,-27.41,152.90
53,3,Brisbane,Male,31.12,G2,1,,-27.41,152.90
65,3,Brisbane,Male,44.28,G2,1,,-27.41,152.90
102,3,Brisbane,Male,44.32,G2,1,,-27.41,152.90
104,3,Brisbane,Male,44.08,G2,1,,-27.41,152.90
105,3,Brisbane,Male,23.80,G2,1,,-27.41,152.90
106,3,Brisbane,Male,30.50,G2,1,,-27.41,152.90
111,3,Brisbane,Male,47.95,G2,1,,-27.41,152.90
125,3,Brisbane,Male,50.15,G2,1,,-27.41,152.90
178,3,Brisbane,Male,48.90,G2,1,,-27.41,152.90
193,3,Brisbane,Male,29.58,G2,1,,-27.41,152.90
206,3,Brisbane,Male,36.52,G2,1,,-27.41,152.90
209,3,Brisbane,Male,56.98,G2,1,,-27.41,152.90
211,3,Brisbane,Male,46.45,G2,1,,-27.41,152.90
213,3,Brisbane,Male,25.18,G2,1,,-27.41,152.90
220,3,Brisbane,Male,28.68,G2,1,,-27.41,152.90
231,3,Brisbane,Male,25.48,G2,1,,-27.41,152.90
234,3,Brisbane,Male,20.08,G2,1,,-27.41,152.90
240,3,Brisbane,Male,50.07,G2,1,,-27.41,152.90
249,3,Brisbane,Male,36.30,G2,1,,-27.41,152.90
258,3,Brisbane,Male,29.77,G2,1,,-27.41,152.90
261,3,Brisbane,Male,41.88,G2,1,,-27.41,152.90
269,3,Brisbane,Male,21.17,G2,1,,-27.41,152.90
285,3,Brisbane,Male,21.68,G2,1,,-27.41,152.90
294,3,Brisbane,Male,52.50,G2,1,,-27.41,152.90
9,3,Cape Tribulation,Female,45.48,G2,1,,-16.09,145.46
16,3,Cape Tribulation,Female,45.88,G2,1,,-16.09,145.46
26,3,Cape Tribulation,Female,30.15,G2,1,,-16.09,145.46
51,3,Cape Tribulation,Female,24.33,G2,1,,-16.09,145.46
57,3,Cape Tribulation,Female,52.05,G2,1,,-16.09,145.46
94,3,Cape Tribulation,Female,49.52,G2,1,,-16.09,145.46
107,3,Cape Tribulation,Female,53.00,G2,1,,-16.09,145.46
112,3,Cape Tribulation,Female,47.82,G2,1,,-16.09,145.46
117,3,Cape Tribulation,Female,56.10,G2,1,,-16.09,145.46
149,3,Cape Tribulation,Female,63.75,G2,1,,-16.09,145.46
157,3,Cape Tribulation,Female,55.50,G2,1,,-16.09,145.46
162,3,Cape Tribulation,Female,39.63,G2,1,,-16.09,145.46
179,3,Cape Tribulation,Female,44.00,G2,1,,-16.09,145.46
184,3,Cape Tribulation,Female,35.13,G2,1,,-16.09,145.46
192,3,Cape Tribulation,Female,30.37,G2,1,,-16.09,145.46
205,3,Cape Tribulation,Female,42.27,G2,1,,-16.09,145.46
208,3,Cape Tribulation,Female,46.25,G2,1,,-16.09,145.46
217,3,Cape Tribulation,Female,35.78,G2,1,,-16.09,145.46
241,3,Cape Tribulation,Female,55.97,G2,1,,-16.09,145.46
242,3,Cape Tribulation,Female,48.73,G2,1,,-16.09,145.46
243,3,Cape Tribulation,Female,50.95,G2,1,,-16.09,145.46
253,3,Cape Tribulation,Female,64.65,G2,1,,-16.09,145.46
260,3,Cape Tribulation,Female,60.75,G2,1,,-16.09,145.46
280,3,Cape Tribulation,Female,43.12,G2,1,,-16.09,145.46
287,3,Cape Tribulation,Female,31.60,G2,1,,-16.09,145.46
288,3,Cape Tribulation,Female,34.92,G2,1,c,-16.09,145.46
289,3,Cape Tribulation,Female,43.50,G2,1,,-16.09,145.46
298,3,Cape Tribulation,Female,44.05,G2,1,,-16.09,145.46
299,3,Cape Tribulation,Female,74.87,G2,1,,-16.09,145.46
1,3,Cape Tribulation,Male,49.55,G2,1,,-16.09,145.46
34,3,Cape Tribulation,Male,50.90,G2,1,,-16.09,145.46
44,3,Cape Tribulation,Male,35.50,G2,1,,-16.09,145.46
47,3,Cape Tribulation,Male,39.45,G2,1,,-16.09,145.46
59,3,Cape Tribulation,Male,46.53,G2,1,,-16.09,145.46
64,3,Cape Tribulation,Male,44.70,G2,1,,-16.09,145.46
74,3,Cape Tribulation,Male,52.42,G2,1,,-16.09,145.46
76,3,Cape Tribulation,Male,37.68,G2,1,,-16.09,145.46
88,3,Cape Tribulation,Male,25.68,G2,1,,-16.09,145.46
95,3,Cape Tribulation,Male,42.20,G2,1,,-16.09,145.46
100,3,Cape Tribulation,Male,43.02,G2,1,,-16.09,145.46
113,3,Cape Tribulation,Male,43.58,G2,1,,-16.09,145.46
119,3,Cape Tribulation,Male,21.18,G2,1,,-16.09,145.46
128,3,Cape Tribulation,Male,21.98,G2,1,,-16.09,145.46
131,3,Cape Tribulation,Male,45.18,G2,1,,-16.09,145.46
139,3,Cape Tribulation,Male,52.02,G2,1,,-16.09,145.46
141,3,Cape Tribulation,Male,28.52,G2,1,,-16.09,145.46
146,3,Cape Tribulation,Male,51.10,G2,1,,-16.09,145.46
150,3,Cape Tribulation,Male,46.30,G2,1,,-16.09,145.46
158,3,Cape Tribulation,Male,37.47,G2,1,,-16.09,145.46
160,3,Cape Tribulation,Male,45.92,G2,1,,-16.09,145.46
183,3,Cape Tribulation,Male,48.57,G2,1,,-16.09,145.46
219,3,Cape Tribulation,Male,47.07,G2,1,,-16.09,145.46
223,3,Cape Tribulation,Male,32.50,G2,1,,-16.09,145.46
224,3,Cape Tribulation,Male,38.67,G2,1,,-16.09,145.46
250,3,Cape Tribulation,Male,33.13,G2,1,,-16.09,145.46
254,3,Cape Tribulation,Male,33.60,G2,1,,-16.09,145.46
270,3,Cape Tribulation,Male,37.82,G2,1,,-16.09,145.46
292,3,Cape Tribulation,Male,38.70,G2,1,,-16.09,145.46
7,3,Narrabri,Female,49.80,G2,1,,-30.33,149.78
8,3,Narrabri,Female,50.13,G2,1,,-30.33,149.78
11,3,Narrabri,Female,33.57,G2,1,,-30.33,149.78
35,3,Narrabri,Female,60.08,G2,1,,-30.33,149.78
55,3,Narrabri,Female,54.17,G2,1,,-30.33,149.78
66,3,Narrabri,Female,56.13,G2,1,,-30.33,149.78
73,3,Narrabri,Female,52.58,G2,1,,-30.33,149.78
83,3,Narrabri,Female,33.65,G2,1,,-30.33,149.78
109,3,Narrabri,Female,30.18,G2,1,,-30.33,149.78
122,3,Narrabri,Female,44.60,G2,1,,-30.33,149.78
126,3,Narrabri,Female,44.78,G2,1,,-30.33,149.78
142,3,Narrabri,Female,38.50,G2,1,,-30.33,149.78
147,3,Narrabri,Female,37.98,G2,1,,-30.33,149.78
152,3,Narrabri,Female,27.90,G2,1,,-30.33,149.78
156,3,Narrabri,Female,20.18,G2,1,,-30.33,149.78
169,3,Narrabri,Female,49.32,G2,1,,-30.33,149.78
171,3,Narrabri,Female,52.08,G2,1,,-30.33,149.78
175,3,Narrabri,Female,27.08,G2,1,,-30.33,149.78
176,3,Narrabri,Female,49.10,G2,1,,-30.33,149.78
180,3,Narrabri,Female,14.18,G2,1,,-30.33,149.78
190,3,Narrabri,Female,48.20,G2,1,,-30.33,149.78
201,3,Narrabri,Female,63.82,G2,1,,-30.33,149.78
214,3,Narrabri,Female,36.05,G2,1,,-30.33,149.78
218,3,Narrabri,Female,41.73,G2,1,,-30.33,149.78
244,3,Narrabri,Female,32.85,G2,1,,-30.33,149.78
256,3,Narrabri,Female,41.35,G2,1,,-30.33,149.78
266,3,Narrabri,Female,56.82,G2,1,,-30.33,149.78
268,3,Narrabri,Female,49.93,G2,1,,-30.33,149.78
277,3,Narrabri,Female,58.10,G2,1,,-30.33,149.78
295,3,Narrabri,Female,75.10,G2,1,,-30.33,149.78
4,3,Narrabri,Male,29.08,G2,1,,-30.33,149.78
22,3,Narrabri,Male,47.13,G2,1,,-30.33,149.78
56,3,Narrabri,Male,43.20,G2,1,,-30.33,149.78
67,3,Narrabri,Male,48.52,G2,1,,-30.33,149.78
69,3,Narrabri,Male,32.35,G2,1,,-30.33,149.78
78,3,Narrabri,Male,37.17,G2,1,,-30.33,149.78
86,3,Narrabri,Male,47.03,G2,1,,-30.33,149.78
98,3,Narrabri,Male,20.80,G2,1,,-30.33,149.78
135,3,Narrabri,Male,45.43,G2,1,,-30.33,149.78
140,3,Narrabri,Male,36.85,G2,1,,-30.33,149.78
151,3,Narrabri,Male,46.20,G2,1,,-30.33,149.78
161,3,Narrabri,Male,23.32,G2,1,,-30.33,149.78
168,3,Narrabri,Male,58.07,G2,1,,-30.33,149.78
188,3,Narrabri,Male,48.38,G2,1,,-30.33,149.78
189,3,Narrabri,Male,30.60,G2,1,,-30.33,149.78
194,3,Narrabri,Male,43.23,G2,1,,-30.33,149.78
200,3,Narrabri,Male,34.85,G2,1,,-30.33,149.78
210,3,Narrabri,Male,53.52,G2,1,,-30.33,149.78
212,3,Narrabri,Male,46.63,G2,1,,-30.33,149.78
226,3,Narrabri,Male,38.82,G2,1,,-30.33,149.78
237,3,Narrabri,Male,20.30,G2,1,,-30.33,149.78
238,3,Narrabri,Male,15.57,G2,1,,-30.33,149.78
251,3,Narrabri,Male,33.33,G2,1,,-30.33,149.78
257,3,Narrabri,Male,33.95,G2,1,,-30.33,149.78
264,3,Narrabri,Male,27.42,G2,1,,-30.33,149.78
265,3,Narrabri,Male,23.33,G2,1,,-30.33,149.78
274,3,Narrabri,Male,42.65,G2,1,,-30.33,149.78
276,3,Narrabri,Male,42.82,G2,1,,-30.33,149.78
284,3,Narrabri,Male,19.73,G2,1,,-30.33,149.78
300,3,Narrabri,Male,39.30,G2,1,,-30.33,149.78
12,3,S06,Female,33.62,G100-3,1,,-30.33,149.78
14,3,S06,Female,45.68,G100-3,1,,-30.33,149.78
24,3,S06,Female,61.97,G100-3,1,,-30.33,149.78
25,3,S06,Female,30.10,G100-3,1,,-30.33,149.78
29,3,S06,Female,51.47,G100-3,1,,-30.33,149.78
42,3,S06,Female,35.30,G100-3,1,,-30.33,149.78
45,3,S06,Female,39.73,G100-3,1,,-30.33,149.78
48,3,S06,Female,54.42,G100-3,1,,-30.33,149.78
50,3,S06,Female,14.80,G100-3,1,,-30.33,149.78
60,3,S06,Female,48.00,G100-3,1,,-30.33,149.78
61,3,S06,Female,31.85,G100-3,1,,-30.33,149.78
80,3,S06,Female,37.05,G100-3,1,,-30.33,149.78
108,3,S06,Female,35.48,G100-3,1,,-30.33,149.78
114,3,S06,Female,34.80,G100-3,1,,-30.33,149.78
127,3,S06,Female,36.20,G100-3,1,,-30.33,149.78
133,3,S06,Female,19.80,G100-3,1,,-30.33,149.78
154,3,S06,Female,71.52,G100-3,1,,-30.33,149.78
164,3,S06,Female,44.63,G100-3,1,,-30.33,149.78
182,3,S06,Female,42.90,G100-3,1,,-30.33,149.78
185,3,S06,Female,35.33,G100-3,1,,-30.33,149.78
191,3,S06,Female,60.78,G100-3,1,,-30.33,149.78
203,3,S06,Female,37.25,G100-3,1,,-30.33,149.78
207,3,S06,Female,52.93,G100-3,1,,-30.33,149.78
232,3,S06,Female,40.87,G100-3,1,,-30.33,149.78
233,3,S06,Female,64.28,G100-3,1,,-30.33,149.78
239,3,S06,Female,39.02,G100-3,1,,-30.33,149.78
245,3,S06,Female,56.23,G100-3,1,,-30.33,149.78
248,3,S06,Female,16.72,G100-3,1,,-30.33,149.78
262,3,S06,Female,31.02,G100-3,1,,-30.33,149.78
267,3,S06,Female,59.57,G100-3,1,,-30.33,149.78
23,3,S06,Male,42.73,G100-3,1,,-30.33,149.78
58,3,S06,Male,17.13,G100-3,1,,-30.33,149.78
68,3,S06,Male,48.82,G100-3,1,,-30.33,149.78
79,3,S06,Male,20.63,G100-3,1,,-30.33,149.78
84,3,S06,Male,40.98,G100-3,1,,-30.33,149.78
90,3,S06,Male,39.07,G100-3,1,,-30.33,149.78
91,3,S06,Male,51.33,G100-3,1,,-30.33,149.78
96,3,S06,Male,47.47,G100-3,1,,-30.33,149.78
97,3,S06,Male,42.60,G100-3,1,,-30.33,149.78
101,3,S06,Male,44.43,G100-3,1,,-30.33,149.78
118,3,S06,Male,19.07,G100-3,1,,-30.33,149.78
144,3,S06,Male,46.62,G100-3,1,,-30.33,149.78
153,3,S06,Male,14.38,G100-3,1,,-30.33,149.78
172,3,S06,Male,19.10,G100-3,1,,-30.33,149.78
174,3,S06,Male,44.12,G100-3,1,,-30.33,149.78
181,3,S06,Male,54.03,G100-3,1,,-30.33,149.78
195,3,S06,Male,43.42,G100-3,1,,-30.33,149.78
196,3,S06,Male,47.72,G100-3,1,,-30.33,149.78
199,3,S06,Male,51.27,G100-3,1,,-30.33,149.78
225,3,S06,Male,45.53,G100-3,1,,-30.33,149.78
227,3,S06,Male,18.03,G100-3,1,,-30.33,149.78
235,3,S06,Male,50.42,G100-3,1,,-30.33,149.78
247,3,S06,Male,53.15,G100-3,1,,-30.33,149.78
275,3,S06,Male,14.57,G100-3,1,,-30.33,149.78
278,3,S06,Male,30.22,G100-3,1,,-30.33,149.78
282,3,S06,Male,31.32,G100-3,1,,-30.33,149.78
290,3,S06,Male,52.23,G100-3,1,,-30.33,149.78
293,3,S06,Male,18.45,G100-3,1,,-30.33,149.78
296,3,S06,Male,48.33,G100-3,1,,-30.33,149.78
297,3,S06,Male,39.10,G100-3,1,,-30.33,149.78
2,3,Utchee Creek,Female,41.18,G2,1,,-17.60,145.99
13,3,Utchee Creek,Female,65.13,G2,1,,-17.60,145.99
18,3,Utchee Creek,Female,57.05,G2,1,,-17.60,145.99
20,3,Utchee Creek,Female,53.60,G2,1,,-17.60,145.99
33,3,Utchee Creek,Female,57.33,G2,1,,-17.60,145.99
38,3,Utchee Creek,Female,50.52,G2,1,,-17.60,145.99
40,3,Utchee Creek,Female,42.58,G2,1,,-17.60,145.99
43,3,Utchee Creek,Female,39.67,G2,1,,-17.60,145.99
62,3,Utchee Creek,Female,38.55,G2,1,,-17.60,145.99
70,3,Utchee Creek,Female,49.07,G2,1,,-17.60,145.99
82,3,Utchee Creek,Female,29.00,G2,1,,-17.60,145.99
89,3,Utchee Creek,Female,47.17,G2,1,,-17.60,145.99
92,3,Utchee Creek,Female,47.33,G2,1,,-17.60,145.99
93,3,Utchee Creek,Female,39.42,G2,1,,-17.60,145.99
110,3,Utchee Creek,Female,35.22,G2,1,,-17.60,145.99
120,3,Utchee Creek,Female,43.17,G2,1,,-17.60,145.99
123,3,Utchee Creek,Female,35.95,G2,1,,-17.60,145.99
124,3,Utchee Creek,Female,62.97,G2,1,c,-17.60,145.99
143,3,Utchee Creek,Female,38.33,G2,1,,-17.60,145.99
148,3,Utchee Creek,Female,50.88,G2,1,,-17.60,145.99
155,3,Utchee Creek,Female,50.60,G2,1,,-17.60,145.99
215,3,Utchee Creek,Female,51.12,G2,1,,-17.60,145.99
222,3,Utchee Creek,Female,5.48,G2,1,,-17.60,145.99
230,3,Utchee Creek,Female,41.32,G2,1,,-17.60,145.99
236,3,Utchee Creek,Female,32.03,G2,1,,-17.60,145.99
246,3,Utchee Creek,Female,74.38,G2,1,,-17.60,145.99
259,3,Utchee Creek,Female,49.28,G2,1,,-17.60,145.99
271,3,Utchee Creek,Female,75.78,G2,1,terminated,-17.60,145.99
286,3,Utchee Creek,Female,21.95,G2,1,,-17.60,145.99
3,3,Utchee Creek,Male,41.38,G2,1,,-17.60,145.99
5,3,Utchee Creek,Male,33.18,G2,1,,-17.60,145.99
6,3,Utchee Creek,Male,21.73,G2,1,,-17.60,145.99
17,3,Utchee Creek,Male,33.92,G2,1,,-17.60,145.99
21,3,Utchee Creek,Male,29.87,G2,1,,-17.60,145.99
27,3,Utchee Creek,Male,47.12,G2,1,,-17.60,145.99
37,3,Utchee Creek,Male,55.58,G2,1,,-17.60,145.99
54,3,Utchee Creek,Male,38.95,G2,1,,-17.60,145.99
72,3,Utchee Creek,Male,60.85,G2,1,,-17.60,145.99
77,3,Utchee Creek,Male,20.62,G2,1,,-17.60,145.99
81,3,Utchee Creek,Male,40.67,G2,1,,-17.60,145.99
115,3,Utchee Creek,Male,43.45,G2,1,,-17.60,145.99
121,3,Utchee Creek,Male,30.95,G2,1,,-17.60,145.99
129,3,Utchee Creek,Male,44.97,G2,1,,-17.60,145.99
130,3,Utchee Creek,Male,45.07,G2,1,,-17.60,145.99
132,3,Utchee Creek,Male,31.87,G2,1,,-17.60,145.99
136,3,Utchee Creek,Male,64.22,G2,1,,-17.60,145.99
145,3,Utchee Creek,Male,15.60,G2,1,,-17.60,145.99
159,3,Utchee Creek,Male,37.10,G2,1,,-17.60,145.99
163,3,Utchee Creek,Male,39.83,G2,1,,-17.60,145.99
170,3,Utchee Creek,Male,71.53,G2,1,,-17.60,145.99
198,3,Utchee Creek,Male,51.37,G2,1,,-17.60,145.99
221,3,Utchee Creek,Male,32.67,G2,1,,-17.60,145.99
228,3,Utchee Creek,Male,45.28,G2,1,,-17.60,145.99
229,3,Utchee Creek,Male,21.70,G2,1,,-17.60,145.99
273,3,Utchee Creek,Male,57.82,G2,1,,-17.60,145.99
281,3,Utchee Creek,Male,21.47,G2,1,,-17.60,145.99
283,3,Utchee Creek,Male,38.12,G2,1,,-17.60,145.99
291,3,Utchee Creek,Male,18.25,G2,1,,-17.60,145.99
25,4,Alice Springs,Female,23.77,G15,1,,-23.69,133.89
27,4,Alice Springs,Female,23.96,G15,1,,-23.69,133.89
48,4,Alice Springs,Female,41.16,G15,1,,-23.69,133.89
141,4,Alice Springs,Female,51.26,G15,1,,-23.69,133.89
142,4,Alice Springs,Female,65.97,G15,1,,-23.69,133.89
169,4,Alice Springs,Female,29.33,G15,1,,-23.69,133.89
186,4,Alice Springs,Female,15.69,G15,1,,-23.69,133.89
195,4,Alice Springs,Female,49.47,G15,1,,-23.69,133.89
200,4,Alice Springs,Female,29.76,G15,1,,-23.69,133.89
299,4,Alice Springs,Female,47.53,G15,2,,-23.69,133.89
306,4,Alice Springs,Female,43.52,G15,2,temp,-23.69,133.89
311,4,Alice Springs,Female,69.15,G15,2,temp,-23.69,133.89
312,4,Alice Springs,Female,69.15,G15,2,temp,-23.69,133.89
355,4,Alice Springs,Female,69.15,G15,2,,-23.69,133.89
376,4,Alice Springs,Female,65.80,G15,2,temp,-23.69,133.89
380,4,Alice Springs,Female,69.15,G15,2,temp,-23.69,133.89
382,4,Alice Springs,Female,69.15,G15,2,temp,-23.69,133.89
417,4,Alice Springs,Female,54.41,G15,2,,-23.69,133.89
419,4,Alice Springs,Female,24.19,G15,2,,-23.69,133.89
431,4,Alice Springs,Female,24.63,G15,2,,-23.69,133.89
449,4,Alice Springs,Female,16.67,G15,2,,-23.69,133.89
495,4,Alice Springs,Female,21.16,G15,2,,-23.69,133.89
504,4,Alice Springs,Female,65.72,G15,2,,-23.69,133.89
19,4,Alice Springs,Male,21.34,G15,1,,-23.69,133.89
22,4,Alice Springs,Male,54.21,G15,1,,-23.69,133.89
29,4,Alice Springs,Male,24.20,G15,1,,-23.69,133.89
85,4,Alice Springs,Male,19.69,G15,1,,-23.69,133.89
132,4,Alice Springs,Male,23.75,G15,1,,-23.69,133.89
136,4,Alice Springs,Male,24.08,G15,1,,-23.69,133.89
154,4,Alice Springs,Male,25.54,G15,1,,-23.69,133.89
163,4,Alice Springs,Male,35.44,G15,1,,-23.69,133.89
198,4,Alice Springs,Male,42.36,G15,1,,-23.69,133.89
204,4,Alice Springs,Male,27.96,G15,1,,-23.69,133.89
239,4,Alice Springs,Male,38.43,G15,1,,-23.69,133.89
247,4,Alice Springs,Male,36.70,G15,2,,-23.69,133.89
248,4,Alice Springs,Male,34.24,G15,2,,-23.69,133.89
280,4,Alice Springs,Male,17.74,G15,2,,-23.69,133.89
288,4,Alice Springs,Male,33.63,G15,2,,-23.69,133.89
324,4,Alice Springs,Male,9.43,G15,2,,-23.69,133.89
365,4,Alice Springs,Male,60.13,G15,2,temp,-23.69,133.89
396,4,Alice Springs,Male,69.15,G15,2,temp,-23.69,133.89
409,4,Alice Springs,Male,19.70,G15,2,,-23.69,133.89
444,4,Alice Springs,Male,18.06,G15,2,,-23.69,133.89
470,4,Alice Springs,Male,36.60,G15,2,,-23.69,133.89
471,4,Alice Springs,Male,37.83,G15,2,,-23.69,133.89
499,4,Alice Springs,Male,28.95,G15,2,,-23.69,133.89
3,4,Batemans Bay,Female,23.28,G13,1,,-35.70,150.19
17,4,Batemans Bay,Female,26.48,G13,1,,-35.70,150.19
51,4,Batemans Bay,Female,63.61,G13,1,,-35.70,150.19
81,4,Batemans Bay,Female,19.13,G13,1,,-35.70,150.19
82,4,Batemans Bay,Female,19.38,G13,1,,-35.70,150.19
112,4,Batemans Bay,Female,22.75,G13,1,,-35.70,150.19
130,4,Batemans Bay,Female,23.68,G13,1,,-35.70,150.19
181,4,Batemans Bay,Female,26.60,G13,1,,-35.70,150.19
184,4,Batemans Bay,Female,30.70,G13,1,,-35.70,150.19
194,4,Batemans Bay,Female,39.39,G13,1,,-35.70,150.19
205,4,Batemans Bay,Female,20.70,G13,1,,-35.70,150.19
262,4,Batemans Bay,Female,25.22,G13,2,,-35.70,150.19
294,4,Batemans Bay,Female,44.68,G13,2,,-35.70,150.19
314,4,Batemans Bay,Female,69.15,G13,2,temp,-35.70,150.19
326,4,Batemans Bay,Female,42.20,G13,2,,-35.70,150.19
350,4,Batemans Bay,Female,25.56,G13,2,,-35.70,150.19
369,4,Batemans Bay,Female,64.26,G13,2,temp,-35.70,150.19
389,4,Batemans Bay,Female,69.15,G13,2,temp,-35.70,150.19
418,4,Batemans Bay,Female,24.09,G13,2,,-35.70,150.19
427,4,Batemans Bay,Female,26.00,G13,2,,-35.70,150.19
460,4,Batemans Bay,Female,22.65,G13,2,,-35.70,150.19
479,4,Batemans Bay,Female,39.98,G13,2,,-35.70,150.19
497,4,Batemans Bay,Female,21.40,G13,2,,-35.70,150.19
517,4,Batemans Bay,Female,29.64,G13,2,,-35.70,150.19
14,4,Batemans Bay,Male,27.18,G13,1,,-35.70,150.19
26,4,Batemans Bay,Male,30.38,G13,1,,-35.70,150.19
28,4,Batemans Bay,Male,21.76,G13,1,,-35.70,150.19
93,4,Batemans Bay,Male,21.03,G13,1,,-35.70,150.19
124,4,Batemans Bay,Male,27.80,G13,1,,-35.70,150.19
128,4,Batemans Bay,Male,10.19,G13,1,,-35.70,150.19
146,4,Batemans Bay,Male,54.19,G13,1,,-35.70,150.19
203,4,Batemans Bay,Male,27.84,G13,1,,-35.70,150.19
209,4,Batemans Bay,Male,31.01,G13,1,,-35.70,150.19
228,4,Batemans Bay,Male,54.00,G13,1,,-35.70,150.19
238,4,Batemans Bay,Male,28.78,G13,1,,-35.70,150.19
249,4,Batemans Bay,Male,29.88,G13,2,,-35.70,150.19
252,4,Batemans Bay,Male,28.27,G13,2,,-35.70,150.19
268,4,Batemans Bay,Male,25.12,G13,2,,-35.70,150.19
274,4,Batemans Bay,Male,17.19,G13,2,,-35.70,150.19
334,4,Batemans Bay,Male,48.19,G13,2,,-35.70,150.19
353,4,Batemans Bay,Male,24.54,G13,2,,-35.70,150.19
368,4,Batemans Bay,Male,67.16,G13,2,temp,-35.70,150.19
371,4,Batemans Bay,Male,47.69,G13,2,temp,-35.70,150.19
420,4,Batemans Bay,Male,9.08,G13,2,,-35.70,150.19
443,4,Batemans Bay,Male,29.26,G13,2,,-35.70,150.19
452,4,Batemans Bay,Male,21.85,G13,2,,-35.70,150.19
464,4,Batemans Bay,Male,34.88,G13,2,,-35.70,150.19
486,4,Batemans Bay,Male,27.83,G13,2,,-35.70,150.19
505,4,Batemans Bay,Male,25.45,G13,2,,-35.70,150.19
519,4,Batemans Bay,Male,29.71,G13,2,,-35.70,150.19
4,4,Brisbane,Female,20.95,G12,1,,-27.41,152.90
13,4,Brisbane,Female,21.80,G12,1,,-27.41,152.90
18,4,Brisbane,Female,26.49,G12,1,,-27.41,152.90
54,4,Brisbane,Female,45.05,G12,1,,-27.41,152.90
91,4,Brisbane,Female,20.88,G12,1,,-27.41,152.90
92,4,Brisbane,Female,20.85,G12,1,,-27.41,152.90
148,4,Brisbane,Female,31.53,G12,1,,-27.41,152.90
153,4,Brisbane,Female,25.47,G12,1,,-27.41,152.90
192,4,Brisbane,Female,45.39,G12,1,,-27.41,152.90
207,4,Brisbane,Female,37.13,G12,1,,-27.41,152.90
218,4,Brisbane,Female,42.77,G12,1,,-27.41,152.90
219,4,Brisbane,Female,37.46,G12,1,,-27.41,152.90
271,4,Brisbane,Female,14.35,G12,2,,-27.41,152.90
286,4,Brisbane,Female,26.85,G12,2,,-27.41,152.90
305,4,Brisbane,Female,69.15,G12,2,temp,-27.41,152.90
309,4,Brisbane,Female,69.15,G12,2,temp,-27.41,152.90
344,4,Brisbane,Female,30.62,G12,2,,-27.41,152.90
358,4,Brisbane,Female,69.15,G12,2,,-27.41,152.90
366,4,Brisbane,Female,61.61,G12,2,temp,-27.41,152.90
388,4,Brisbane,Female,30.08,G12,2,temp,-27.41,152.90
408,4,Brisbane,Female,43.79,G12,2,,-27.41,152.90
442,4,Brisbane,Female,18.16,G12,2,,-27.41,152.90
461,4,Brisbane,Female,52.04,G12,2,,-27.41,152.90
478,4,Brisbane,Female,39.82,G12,2,,-27.41,152.90
492,4,Brisbane,Female,37.94,G12,2,,-27.41,152.90
502,4,Brisbane,Female,35.81,G12,2,,-27.41,152.90
32,4,Brisbane,Male,34.30,G12,1,,-27.41,152.90
42,4,Brisbane,Male,37.85,G12,1,,-27.41,152.90
69,4,Brisbane,Male,40.06,G12,1,,-27.41,152.90
72,4,Brisbane,Male,39.84,G12,1,,-27.41,152.90
86,4,Brisbane,Male,12.13,G12,1,,-27.41,152.90
90,4,Brisbane,Male,20.46,G12,1,,-27.41,152.90
121,4,Brisbane,Male,29.09,G12,1,,-27.41,152.90
140,4,Brisbane,Male,24.34,G12,1,,-27.41,152.90
166,4,Brisbane,Male,21.68,G12,1,,-27.41,152.90
189,4,Brisbane,Male,20.26,G12,1,,-27.41,152.90
233,4,Brisbane,Male,38.18,G12,1,,-27.41,152.90
235,4,Brisbane,Male,44.41,G12,1,,-27.41,152.90
257,4,Brisbane,Male,38.48,G12,2,,-27.41,152.90
287,4,Brisbane,Male,33.47,G12,2,,-27.41,152.90
293,4,Brisbane,Male,44.66,G12,2,,-27.41,152.90
321,4,Brisbane,Male,42.45,G12,2,,-27.41,152.90
331,4,Brisbane,Male,49.15,G12,2,,-27.41,152.90
364,4,Brisbane,Male,44.12,G12,2,temp,-27.41,152.90
383,4,Brisbane,Male,36.92,G12,2,temp,-27.41,152.90
411,4,Brisbane,Male,19.79,G12,2,,-27.41,152.90
422,4,Brisbane,Male,25.67,G12,2,,-27.41,152.90
455,4,Brisbane,Male,22.00,G12,2,,-27.41,152.90
466,4,Brisbane,Male,11.72,G12,2,,-27.41,152.90
484,4,Brisbane,Male,18.57,G12,2,,-27.41,152.90
509,4,Brisbane,Male,12.50,G12,2,,-27.41,152.90
518,4,Brisbane,Male,9.99,G12,2,,-27.41,152.90
23,4,Darwin,Female,42.54,G15,1,,-12.42,130.85
45,4,Darwin,Female,22.26,G15,1,,-12.42,130.85
94,4,Darwin,Female,28.54,G15,1,,-12.42,130.85
99,4,Darwin,Female,21.56,G15,1,,-12.42,130.85
138,4,Darwin,Female,24.26,G15,1,,-12.42,130.85
157,4,Darwin,Female,16.93,G15,1,,-12.42,130.85
162,4,Darwin,Female,44.86,G15,1,,-12.42,130.85
202,4,Darwin,Female,30.31,G15,1,,-12.42,130.85
223,4,Darwin,Female,63.71,G15,1,,-12.42,130.85
236,4,Darwin,Female,44.51,G15,1,,-12.42,130.85
269,4,Darwin,Female,13.04,G15,2,,-12.42,130.85
279,4,Darwin,Female,17.68,G15,2,,-12.42,130.85
310,4,Darwin,Female,37.99,G15,2,temp,-12.42,130.85
317,4,Darwin,Female,60.83,G15,2,temp,-12.42,130.85
346,4,Darwin,Female,47.18,G15,2,,-12.42,130.85
352,4,Darwin,Female,59.79,G15,2,,-12.42,130.85
354,4,Darwin,Female,56.08,G15,2,,-12.42,130.85
370,4,Darwin,Female,69.15,G15,2,temp,-12.42,130.85
403,4,Darwin,Female,14.72,G15,2,,-12.42,130.85
435,4,Darwin,Female,17.47,G15,2,,-12.42,130.85
438,4,Darwin,Female,26.22,G15,2,,-12.42,130.85
467,4,Darwin,Female,54.24,G15,2,,-12.42,130.85
496,4,Darwin,Female,43.57,G15,2,,-12.42,130.85
512,4,Darwin,Female,25.86,G15,2,,-12.42,130.85
46,4,Darwin,Male,25.68,G15,1,,-12.42,130.85
76,4,Darwin,Male,44.04,G15,1,,-12.42,130.85
84,4,Darwin,Male,25.87,G15,1,,-12.42,130.85
113,4,Darwin,Male,27.18,G15,1,,-12.42,130.85
117,4,Darwin,Male,27.34,G15,1,,-12.42,130.85
165,4,Darwin,Male,25.34,G15,1,,-12.42,130.85
215,4,Darwin,Male,28.50,G15,1,,-12.42,130.85
216,4,Darwin,Male,31.61,G15,1,,-12.42,130.85
217,4,Darwin,Male,31.65,G15,1,,-12.42,130.85
246,4,Darwin,Male,34.14,G15,2,,-12.42,130.85
253,4,Darwin,Male,30.05,G15,2,,-12.42,130.85
297,4,Darwin,Male,40.97,G15,2,,-12.42,130.85
313,4,Darwin,Male,63.65,G15,2,temp,-12.42,130.85
332,4,Darwin,Male,69.15,G15,2,,-12.42,130.85
333,4,Darwin,Male,61.14,G15,2,,-12.42,130.85
351,4,Darwin,Male,43.54,G15,2,,-12.42,130.85
394,4,Darwin,Male,54.90,G15,2,temp,-12.42,130.85
437,4,Darwin,Male,43.16,G15,2,,-12.42,130.85
459,4,Darwin,Male,26.79,G15,2,,-12.42,130.85
474,4,Darwin,Male,13.86,G15,2,,-12.42,130.85
476,4,Darwin,Male,29.03,G15,2,,-12.42,130.85
491,4,Darwin,Male,28.23,G15,2,,-12.42,130.85
493,4,Darwin,Male,24.89,G15,2,,-12.42,130.85
5,4,Griffith,Female,20.97,G13,1,,-34.29,146.04
50,4,Griffith,Female,58.90,G13,1,,-34.29,146.04
139,4,Griffith,Female,24.31,G13,1,,-34.29,146.04
159,4,Griffith,Female,16.96,G13,1,,-34.29,146.04
160,4,Griffith,Female,17.03,G13,1,,-34.29,146.04
161,4,Griffith,Female,25.29,G13,1,,-34.29,146.04
167,4,Griffith,Female,25.75,G13,1,,-34.29,146.04
211,4,Griffith,Female,28.29,G13,1,,-34.29,146.04
224,4,Griffith,Female,46.40,G13,1,,-34.29,146.04
296,4,Griffith,Female,45.04,G13,2,,-34.29,146.04
302,4,Griffith,Female,60.04,G13,2,temp,-34.29,146.04
304,4,Griffith,Female,58.02,G13,2,temp,-34.29,146.04
320,4,Griffith,Female,69.15,G13,2,temp,-34.29,146.04
325,4,Griffith,Female,35.85,G13,2,,-34.29,146.04
328,4,Griffith,Female,32.78,G13,2,,-34.29,146.04
330,4,Griffith,Female,45.20,G13,2,,-34.29,146.04
397,4,Griffith,Female,69.15,G13,2,temp,-34.29,146.04
410,4,Griffith,Female,12.13,G13,2,,-34.29,146.04
424,4,Griffith,Female,25.81,G13,2,,-34.29,146.04
440,4,Griffith,Female,22.78,G13,2,,-34.29,146.04
446,4,Griffith,Female,26.53,G13,2,,-34.29,146.04
508,4,Griffith,Female,29.42,G13,2,,-34.29,146.04
511,4,Griffith,Female,25.72,G13,2,,-34.29,146.04
7,4,Griffith,Male,23.46,G13,1,,-34.29,146.04
21,4,Griffith,Male,31.48,G13,1,,-34.29,146.04
65,4,Griffith,Male,48.46,G13,1,,-34.29,146.04
97,4,Griffith,Male,21.32,G13,1,,-34.29,146.04
102,4,Griffith,Male,21.84,G13,1,,-34.29,146.04
151,4,Griffith,Male,25.32,G13,1,,-34.29,146.04
175,4,Griffith,Male,18.36,G13,1,,-34.29,146.04
206,4,Griffith,Male,30.86,G13,1,,-34.29,146.04
210,4,Griffith,Male,31.21,G13,1,,-34.29,146.04
245,4,Griffith,Male,24.46,G13,2,,-34.29,146.04
265,4,Griffith,Male,29.56,G13,2,,-34.29,146.04
282,4,Griffith,Male,46.97,G13,2,,-34.29,146.04
285,4,Griffith,Male,32.35,G13,2,,-34.29,146.04
322,4,Griffith,Male,59.07,G13,2,,-34.29,146.04
335,4,Griffith,Male,52.18,G13,2,,-34.29,146.04
342,4,Griffith,Male,37.90,G13,2,,-34.29,146.04
378,4,Griffith,Male,53.16,G13,2,temp,-34.29,146.04
406,4,Griffith,Male,9.01,G13,2,,-34.29,146.04
433,4,Griffith,Male,21.58,G13,2,,-34.29,146.04
447,4,Griffith,Male,32.60,G13,2,,-34.29,146.04
468,4,Griffith,Male,22.31,G13,2,,-34.29,146.04
485,4,Griffith,Male,18.68,G13,2,,-34.29,146.04
489,4,Griffith,Male,27.96,G13,2,,-34.29,146.04
490,4,Griffith,Male,28.18,G13,2,,-34.29,146.04
16,4,Mareeba,Female,21.26,G13,1,,-17.01,145.43
63,4,Mareeba,Female,52.94,G13,1,,-17.01,145.43
116,4,Mareeba,Female,14.06,G13,1,,-17.01,145.43
118,4,Mareeba,Female,27.41,G13,1,,-17.01,145.43
135,4,Mareeba,Female,24.03,G13,1,,-17.01,145.43
155,4,Mareeba,Female,25.56,G13,1,,-17.01,145.43
179,4,Mareeba,Female,38.99,G13,1,,-17.01,145.43
188,4,Mareeba,Female,23.64,G13,1,,-17.01,145.43
225,4,Mareeba,Female,58.32,G13,1,,-17.01,145.43
241,4,Mareeba,Female,24.59,G13,2,,-17.01,145.43
259,4,Mareeba,Female,45.01,G13,2,,-17.01,145.43
289,4,Mareeba,Female,25.34,G13,2,,-17.01,145.43
336,4,Mareeba,Female,69.15,G13,2,,-17.01,145.43
360,4,Mareeba,Female,69.15,G13,2,,-17.01,145.43
384,4,Mareeba,Female,69.15,G13,2,temp,-17.01,145.43
400,4,Mareeba,Female,69.15,G13,2,temp,-17.01,145.43
412,4,Mareeba,Female,23.57,G13,2,,-17.01,145.43
451,4,Mareeba,Female,21.83,G13,2,,-17.01,145.43
465,4,Mareeba,Female,53.66,G13,2,,-17.01,145.43
477,4,Mareeba,Female,11.47,G13,2,,-17.01,145.43
506,4,Mareeba,Female,21.78,G13,2,,-17.01,145.43
8,4,Mareeba,Male,21.05,G13,1,,-17.01,145.43
15,4,Mareeba,Male,34.00,G13,1,,-17.01,145.43
55,4,Mareeba,Male,51.63,G13,1,,-17.01,145.43
68,4,Mareeba,Male,38.51,G13,1,,-17.01,145.43
83,4,Mareeba,Male,12.12,G13,1,,-17.01,145.43
126,4,Mareeba,Male,23.39,G13,1,,-17.01,145.43
137,4,Mareeba,Male,24.24,G13,1,,-17.01,145.43
168,4,Mareeba,Male,29.18,G13,1,,-17.01,145.43
208,4,Mareeba,Male,34.77,G13,1,,-17.01,145.43
212,4,Mareeba,Male,24.48,G13,1,,-17.01,145.43
222,4,Mareeba,Male,46.30,G13,1,,-17.01,145.43
270,4,Mareeba,Male,26.31,G13,2,,-17.01,145.43
278,4,Mareeba,Male,17.38,G13,2,,-17.01,145.43
283,4,Mareeba,Male,30.74,G13,2,,-17.01,145.43
301,4,Mareeba,Male,60.02,G13,2,temp,-17.01,145.43
357,4,Mareeba,Male,55.90,G13,2,,-17.01,145.43
374,4,Mareeba,Male,69.15,G13,2,temp,-17.01,145.43
379,4,Mareeba,Male,56.73,G13,2,temp,-17.01,145.43
399,4,Mareeba,Male,69.15,G13,2,temp,-17.01,145.43
425,4,Mareeba,Male,25.91,G13,2,,-17.01,145.43
441,4,Mareeba,Male,24.29,G13,2,,-17.01,145.43
457,4,Mareeba,Male,36.15,G13,2,,-17.01,145.43
473,4,Mareeba,Male,26.94,G13,2,,-17.01,145.43
11,4,Narrabri,Female,33.70,G12,1,,-30.33,149.78
40,4,Narrabri,Female,25.09,G12,1,,-30.33,149.78
95,4,Narrabri,Female,21.16,G12,1,,-30.33,149.78
110,4,Narrabri,Female,22.47,G12,1,,-30.33,149.78
120,4,Narrabri,Female,27.65,G12,1,,-30.33,149.78
134,4,Narrabri,Female,24.02,G12,1,,-30.33,149.78
171,4,Narrabri,Female,25.82,G12,1,,-30.33,149.78
178,4,Narrabri,Female,29.43,G12,1,,-30.33,149.78
180,4,Narrabri,Female,32.31,G12,1,,-30.33,149.78
230,4,Narrabri,Female,46.66,G12,1,,-30.33,149.78
244,4,Narrabri,Female,39.91,G12,2,,-30.33,149.78
251,4,Narrabri,Female,46.29,G12,2,,-30.33,149.78
307,4,Narrabri,Female,69.15,G12,2,temp,-30.33,149.78
308,4,Narrabri,Female,69.15,G12,2,temp,-30.33,149.78
356,4,Narrabri,Female,69.15,G12,2,,-30.33,149.78
363,4,Narrabri,Female,35.08,G12,2,temp,-30.33,149.78
386,4,Narrabri,Female,69.15,G12,2,temp,-30.33,149.78
398,4,Narrabri,Female,50.00,G12,2,temp,-30.33,149.78
405,4,Narrabri,Female,23.14,G12,2,,-30.33,149.78
415,4,Narrabri,Female,27.88,G12,2,,-30.33,149.78
436,4,Narrabri,Female,30.66,G12,2,,-30.33,149.78
472,4,Narrabri,Female,37.86,G12,2,,-30.33,149.78
482,4,Narrabri,Female,27.51,G12,2,,-30.33,149.78
503,4,Narrabri,Female,44.00,G12,2,,-30.33,149.78
520,4,Narrabri,Female,26.27,G12,2,,-30.33,149.78
41,4,Narrabri,Male,32.16,G12,1,,-30.33,149.78
47,4,Narrabri,Male,34.80,G12,1,,-30.33,149.78
67,4,Narrabri,Male,12.60,G12,1,,-30.33,149.78
78,4,Narrabri,Male,22.65,G12,1,,-30.33,149.78
98,4,Narrabri,Male,26.56,G12,1,,-30.33,149.78
115,4,Narrabri,Male,13.90,G12,1,,-30.33,149.78
122,4,Narrabri,Male,22.90,G12,1,,-30.33,149.78
177,4,Narrabri,Male,26.22,G12,1,,-30.33,149.78
185,4,Narrabri,Male,35.95,G12,1,,-30.33,149.78
191,4,Narrabri,Male,36.12,G12,1,,-30.33,149.78
199,4,Narrabri,Male,27.69,G12,1,,-30.33,149.78
255,4,Narrabri,Male,34.76,G12,2,,-30.33,149.78
272,4,Narrabri,Male,11.82,G12,2,,-30.33,149.78
273,4,Narrabri,Male,22.13,G12,2,,-30.33,149.78
343,4,Narrabri,Male,46.20,G12,2,,-30.33,149.78
348,4,Narrabri,Male,24.95,G12,2,,-30.33,149.78
373,4,Narrabri,Male,33.68,G12,2,temp,-30.33,149.78
421,4,Narrabri,Male,28.08,G12,2,,-30.33,149.78
423,4,Narrabri,Male,25.63,G12,2,,-30.33,149.78
428,4,Narrabri,Male,11.07,G12,2,,-30.33,149.78
439,4,Narrabri,Male,26.33,G12,2,,-30.33,149.78
507,4,Narrabri,Male,36.08,G12,2,,-30.33,149.78
2,4,S06,Female,14.16,G100-4,1,,-30.33,149.78
103,4,S06,Female,21.86,G100-4,1,,-30.33,149.78
108,4,S06,Female,22.22,G100-4,1,,-30.33,149.78
127,4,S06,Female,23.43,G100-4,1,,-30.33,149.78
190,4,S06,Female,27.64,G100-4,1,,-30.33,149.78
196,4,S06,Female,13.51,G100-4,1,,-30.33,149.78
221,4,S06,Female,46.16,G100-4,1,,-30.33,149.78
237,4,S06,Female,46.82,G100-4,1,,-30.33,149.78
256,4,S06,Female,21.76,G100-4,2,,-30.33,149.78
258,4,S06,Female,30.25,G100-4,2,,-30.33,149.78
290,4,S06,Female,18.25,G100-4,2,,-30.33,149.78
316,4,S06,Female,60.81,G100-4,2,temp,-30.33,149.78
337,4,S06,Female,69.15,G100-4,2,,-30.33,149.78
347,4,S06,Female,43.67,G100-4,2,,-30.33,149.78
362,4,S06,Female,59.99,G100-4,2,temp,-30.33,149.78
395,4,S06,Female,69.15,G100-4,2,temp,-30.33,149.78
407,4,S06,Female,14.86,G100-4,2,,-30.33,149.78
426,4,S06,Female,21.24,G100-4,2,,-30.33,149.78
429,4,S06,Female,12.72,G100-4,2,,-30.33,149.78
475,4,S06,Female,28.91,G100-4,2,,-30.33,149.78
500,4,S06,Female,21.55,G100-4,2,,-30.33,149.78
20,4,S06,Male,21.47,G100-4,1,,-30.33,149.78
34,4,S06,Male,24.50,G100-4,1,,-30.33,149.78
36,4,S06,Male,24.91,G100-4,1,,-30.33,149.78
52,4,S06,Male,45.58,G100-4,1,,-30.33,149.78
147,4,S06,Male,24.55,G100-4,1,,-30.33,149.78
156,4,S06,Male,25.59,G100-4,1,,-30.33,149.78
158,4,S06,Male,16.94,G100-4,1,,-30.33,149.78
183,4,S06,Male,30.77,G100-4,1,,-30.33,149.78
201,4,S06,Male,12.51,G100-4,1,,-30.33,149.78
214,4,S06,Male,37.36,G100-4,1,,-30.33,149.78
234,4,S06,Male,40.56,G100-4,1,,-30.33,149.78
254,4,S06,Male,34.47,G100-4,2,,-30.33,149.78
275,4,S06,Male,38.81,G100-4,2,,-30.33,149.78
281,4,S06,Male,42.54,G100-4,2,,-30.33,149.78
291,4,S06,Male,42.74,G100-4,2,,-30.33,149.78
323,4,S06,Male,42.48,G100-4,2,,-30.33,149.78
341,4,S06,Male,47.26,G100-4,2,,-30.33,149.78
377,4,S06,Male,69.15,G100-4,2,temp,-30.33,149.78
385,4,S06,Male,69.15,G100-4,2,temp,-30.33,149.78
430,4,S06,Male,53.12,G100-4,2,,-30.33,149.78
432,4,S06,Male,21.52,G100-4,2,,-30.33,149.78
434,4,S06,Male,29.19,G100-4,2,,-30.33,149.78
448,4,S06,Male,30.97,G100-4,2,,-30.33,149.78
483,4,S06,Male,37.74,G100-4,2,,-30.33,149.78
510,4,S06,Male,11.53,G100-4,2,,-30.33,149.78
515,4,S06,Male,41.39,G100-4,2,,-30.33,149.78
12,4,Sydney,Female,23.53,G15,1,,-33.90,151.14
31,4,Sydney,Female,24.37,G15,1,,-33.90,151.14
39,4,Sydney,Female,25.08,G15,1,,-33.90,151.14
44,4,Sydney,Female,38.05,G15,1,,-33.90,151.14
104,4,Sydney,Female,22.01,G15,1,,-33.90,151.14
107,4,Sydney,Female,22.29,G15,1,,-33.90,151.14
114,4,Sydney,Female,27.24,G15,1,,-33.90,151.14
133,4,Sydney,Female,23.92,G15,1,,-33.90,151.14
172,4,Sydney,Female,26.00,G15,1,,-33.90,151.14
173,4,Sydney,Female,26.05,G15,1,,-33.90,151.14
193,4,Sydney,Female,23.34,G15,1,,-33.90,151.14
240,4,Sydney,Female,46.95,G15,1,,-33.90,151.14
242,4,Sydney,Female,24.71,G15,2,,-33.90,151.14
267,4,Sydney,Female,35.03,G15,2,,-33.90,151.14
276,4,Sydney,Female,28.65,G15,2,,-33.90,151.14
318,4,Sydney,Female,69.15,G15,2,temp,-33.90,151.14
349,4,Sydney,Female,45.81,G15,2,,-33.90,151.14
372,4,Sydney,Female,40.33,G15,2,temp,-33.90,151.14
381,4,Sydney,Female,69.15,G15,2,temp,-33.90,151.14
391,4,Sydney,Female,55.03,G15,2,temp,-33.90,151.14
401,4,Sydney,Female,27.57,G15,2,,-33.90,151.14
453,4,Sydney,Female,13.46,G15,2,,-33.90,151.14
458,4,Sydney,Female,44.39,G15,2,,-33.90,151.14
462,4,Sydney,Female,52.07,G15,2,,-33.90,151.14
481,4,Sydney,Female,35.11,G15,2,,-33.90,151.14
501,4,Sydney,Female,43.76,G15,2,,-33.90,151.14
1,4,Sydney,Male,20.67,G15,1,,-33.90,151.14
24,4,Sydney,Male,37.57,G15,1,,-33.90,151.14
30,4,Sydney,Male,21.82,G15,1,,-33.90,151.14
49,4,Sydney,Male,22.30,G15,1,,-33.90,151.14
109,4,Sydney,Male,22.53,G15,1,,-33.90,151.14
125,4,Sydney,Male,14.71,G15,1,,-33.90,151.14
149,4,Sydney,Male,24.65,G15,1,,-33.90,151.14
170,4,Sydney,Male,21.99,G15,1,,-33.90,151.14
174,4,Sydney,Male,22.60,G15,1,,-33.90,151.14
197,4,Sydney,Male,19.86,G15,1,,-33.90,151.14
229,4,Sydney,Male,31.88,G15,1,,-33.90,151.14
260,4,Sydney,Male,50.40,G15,2,,-33.90,151.14
266,4,Sydney,Male,14.52,G15,2,,-33.90,151.14
298,4,Sydney,Male,45.24,G15,2,,-33.90,151.14
340,4,Sydney,Male,59.69,G15,2,,-33.90,151.14
345,4,Sydney,Male,46.06,G15,2,,-33.90,151.14
361,4,Sydney,Male,59.92,G15,2,temp,-33.90,151.14
390,4,Sydney,Male,69.15,G15,2,temp,-33.90,151.14
402,4,Sydney,Male,19.26,G15,2,,-33.90,151.14
445,4,Sydney,Male,26.50,G15,2,,-33.90,151.14
463,4,Sydney,Male,39.32,G15,2,,-33.90,151.14
480,4,Sydney,Male,11.42,G15,2,,-33.90,151.14
488,4,Sydney,Male,24.67,G15,2,,-33.90,151.14
516,4,Sydney,Male,12.80,G15,2,,-33.90,151.14
35,4,Utchee Creek,Female,24.86,G12,1,,-17.60,145.99
38,4,Utchee Creek,Female,24.95,G12,1,,-17.60,145.99
87,4,Utchee Creek,Female,19.89,G12,1,,-17.60,145.99
96,4,Utchee Creek,Female,21.71,G12,1,,-17.60,145.99
100,4,Utchee Creek,Female,21.60,G12,1,,-17.60,145.99
101,4,Utchee Creek,Female,37.87,G12,1,,-17.60,145.99
176,4,Utchee Creek,Female,22.81,G12,1,,-17.60,145.99
182,4,Utchee Creek,Female,24.13,G12,1,,-17.60,145.99
213,4,Utchee Creek,Female,28.44,G12,1,,-17.60,145.99
220,4,Utchee Creek,Female,31.36,G12,1,,-17.60,145.99
263,4,Utchee Creek,Female,40.37,G12,2,,-17.60,145.99
284,4,Utchee Creek,Female,47.13,G12,2,,-17.60,145.99
303,4,Utchee Creek,Female,60.06,G12,2,temp,-17.60,145.99
315,4,Utchee Creek,Female,45.88,G12,2,temp,-17.60,145.99
329,4,Utchee Creek,Female,44.97,G12,2,,-17.60,145.99
338,4,Utchee Creek,Female,57.53,G12,2,,-17.60,145.99
339,4,Utchee Creek,Female,45.51,G12,2,,-17.60,145.99
392,4,Utchee Creek,Female,69.15,G12,2,temp,-17.60,145.99
404,4,Utchee Creek,Female,19.38,G12,2,,-17.60,145.99
416,4,Utchee Creek,Female,23.67,G12,2,,-17.60,145.99
450,4,Utchee Creek,Female,16.78,G12,2,,-17.60,145.99
456,4,Utchee Creek,Female,26.66,G12,2,,-17.60,145.99
487,4,Utchee Creek,Female,20.94,G12,2,,-17.60,145.99
514,4,Utchee Creek,Female,22.23,G12,2,,-17.60,145.99
37,4,Utchee Creek,Male,17.93,G12,1,,-17.60,145.99
60,4,Utchee Creek,Male,43.25,G12,1,,-17.60,145.99
62,4,Utchee Creek,Male,36.98,G12,1,,-17.60,145.99
89,4,Utchee Creek,Male,26.06,G12,1,,-17.60,145.99
129,4,Utchee Creek,Male,23.61,G12,1,,-17.60,145.99
131,4,Utchee Creek,Male,23.72,G12,1,,-17.60,145.99
152,4,Utchee Creek,Male,29.78,G12,1,,-17.60,145.99
164,4,Utchee Creek,Male,21.39,G12,1,,-17.60,145.99
226,4,Utchee Creek,Male,40.23,G12,1,,-17.60,145.99
231,4,Utchee Creek,Male,37.92,G12,1,,-17.60,145.99
232,4,Utchee Creek,Male,54.02,G12,1,,-17.60,145.99
243,4,Utchee Creek,Male,33.99,G12,2,,-17.60,145.99
261,4,Utchee Creek,Male,40.25,G12,2,,-17.60,145.99
277,4,Utchee Creek,Male,27.30,G12,2,,-17.60,145.99
319,4,Utchee Creek,Male,61.06,G12,2,temp,-17.60,145.99
327,4,Utchee Creek,Male,42.28,G12,2,,-17.60,145.99
359,4,Utchee Creek,Male,52.96,G12,2,,-17.60,145.99
367,4,Utchee Creek,Male,61.71,G12,2,temp,-17.60,145.99
375,4,Utchee Creek,Male,69.15,G12,2,temp,-17.60,145.99
413,4,Utchee Creek,Male,9.04,G12,2,,-17.60,145.99
454,4,Utchee Creek,Male,9.11,G12,2,,-17.60,145.99
469,4,Utchee Creek,Male,27.07,G12,2,,-17.60,145.99
494,4,Utchee Creek,Male,28.50,G12,2,,-17.60,145.99
498,4,Utchee Creek,Male,14.59,G12,2,,-17.60,145.99
513,4,Utchee Creek,Male,22.05,G12,2,,-17.60,145.99
